profile,iteration,elapsedMs,allocatedBytes,checksum
sheet-names-100,0,39.151,5244496,
sheet-names-100,1,16.581,5164920,
sheet-names-100,2,16.020,5164920,
sheet-names-100,3,16.600,5164920,
sheet-names-100,4,17.222,5164920,
sheet-names-100,5,16.958,5164920,
sheet-names-100,6,16.196,5164920,
sheet-names-100,7,16.364,5164920,
sheet-names-100,8,16.296,5164920,
sheet-names-100,9,21.505,5165144,
sheet-names-100,10,16.393,5164920,
sheet-names-100,11,16.225,5164920,
sheet-names-100,12,22.867,5164920,
sheet-names-100,13,16.018,5164920,
sheet-names-100,14,17.716,5164920,
sheet-names-100,15,24.943,5164920,
sheet-names-100,16,21.783,5164920,
sheet-names-100,17,18.061,5164920,
sheet-names-100,18,19.479,5164920,
sheet-names-100,19,17.034,5165144,
sheet-names-100,20,16.328,5164920,
