"profile","variant","domain","run","iteration","elapsedMs","allocatedBytes","checksum"
"sheet-names-100","baseline","A","a1","0","44.822","6030336",""
"sheet-names-100","baseline","A","a1","1","34.297","5944120",""
"sheet-names-100","baseline","A","a1","2","38.689","5944120",""
"sheet-names-100","baseline","A","a1","3","32.775","5944120",""
"sheet-names-100","baseline","A","a1","4","34.122","5944120",""
"sheet-names-100","baseline","A","a1","5","16.480","5944120",""
"sheet-names-100","baseline","A","a1","6","17.475","5944120",""
"sheet-names-100","baseline","A","a1","7","22.596","5944120",""
"sheet-names-100","baseline","A","a1","8","22.577","5952160",""
"sheet-names-100","baseline","A","a1","9","20.847","5944120",""
"sheet-names-100","baseline","A","a1","10","21.760","5944120",""
"sheet-names-100","baseline","A","a1","11","25.997","5944120",""
"sheet-names-100","baseline","A","a1","12","16.985","5944120",""
"sheet-names-100","baseline","A","a1","13","22.163","5944120",""
"sheet-names-100","baseline","A","a1","14","24.388","5944120",""
"sheet-names-100","baseline","A","a1","15","17.267","5944120",""
"sheet-names-100","baseline","A","a1","16","27.503","5949240",""
"sheet-names-100","baseline","A","a1","17","23.121","5944120",""
"sheet-names-100","baseline","A","a1","18","19.660","5944120",""
"sheet-names-100","baseline","A","a1","19","16.497","5944120",""
"sheet-names-100","baseline","A","a1","20","17.174","5944120",""
"sheet-names-100","candidate","A","a1","0","51.811","5588432",""
"sheet-names-100","candidate","A","a1","1","40.708","5503320",""
"sheet-names-100","candidate","A","a1","2","91.762","5503320",""
"sheet-names-100","candidate","A","a1","3","34.627","5503320",""
"sheet-names-100","candidate","A","a1","4","27.880","5503320",""
"sheet-names-100","candidate","A","a1","5","23.955","5503320",""
"sheet-names-100","candidate","A","a1","6","18.992","5503320",""
"sheet-names-100","candidate","A","a1","7","18.096","5503320",""
"sheet-names-100","candidate","A","a1","8","19.195","5510192",""
"sheet-names-100","candidate","A","a1","9","17.137","5503320",""
"sheet-names-100","candidate","A","a1","10","15.750","5503320",""
"sheet-names-100","candidate","A","a1","11","16.482","5503320",""
"sheet-names-100","candidate","A","a1","12","17.425","5503320",""
"sheet-names-100","candidate","A","a1","13","17.631","5503320",""
"sheet-names-100","candidate","A","a1","14","16.158","5503320",""
"sheet-names-100","candidate","A","a1","15","16.422","5503320",""
"sheet-names-100","candidate","A","a1","16","24.859","5503320",""
"sheet-names-100","candidate","A","a1","17","19.127","5503320",""
"sheet-names-100","candidate","A","a1","18","19.105","5505464",""
"sheet-names-100","candidate","A","a1","19","17.426","5503320",""
"sheet-names-100","candidate","A","a1","20","20.040","5503320",""
"sheet-names-100","baseline","A","a2","0","45.456","6036528",""
"sheet-names-100","baseline","A","a2","1","17.399","5944120",""
"sheet-names-100","baseline","A","a2","2","18.742","5944120",""
"sheet-names-100","baseline","A","a2","3","17.306","5944120",""
"sheet-names-100","baseline","A","a2","4","17.645","5944120",""
"sheet-names-100","baseline","A","a2","5","18.224","5944120",""
"sheet-names-100","baseline","A","a2","6","19.109","5944120",""
"sheet-names-100","baseline","A","a2","7","18.894","5944120",""
"sheet-names-100","baseline","A","a2","8","15.894","5952160",""
"sheet-names-100","baseline","A","a2","9","14.079","5944120",""
"sheet-names-100","baseline","A","a2","10","14.000","5944120",""
"sheet-names-100","baseline","A","a2","11","14.022","5944120",""
"sheet-names-100","baseline","A","a2","12","14.044","5944120",""
"sheet-names-100","baseline","A","a2","13","14.012","5944120",""
"sheet-names-100","baseline","A","a2","14","13.951","5944120",""
"sheet-names-100","baseline","A","a2","15","13.985","5944120",""
"sheet-names-100","baseline","A","a2","16","17.699","5949240",""
"sheet-names-100","baseline","A","a2","17","16.372","5944120",""
"sheet-names-100","baseline","A","a2","18","15.814","5944120",""
"sheet-names-100","baseline","A","a2","19","15.918","5944120",""
"sheet-names-100","baseline","A","a2","20","16.074","5944120",""
"sheet-names-100","candidate","A","a2","0","45.148","5588432",""
"sheet-names-100","candidate","A","a2","1","15.545","5503320",""
"sheet-names-100","candidate","A","a2","2","15.803","5503320",""
"sheet-names-100","candidate","A","a2","3","15.447","5503320",""
"sheet-names-100","candidate","A","a2","4","15.055","5503320",""
"sheet-names-100","candidate","A","a2","5","14.878","5503320",""
"sheet-names-100","candidate","A","a2","6","14.899","5503320",""
"sheet-names-100","candidate","A","a2","7","17.690","5503320",""
"sheet-names-100","candidate","A","a2","8","17.407","5510192",""
"sheet-names-100","candidate","A","a2","9","13.622","5503320",""
"sheet-names-100","candidate","A","a2","10","13.540","5503320",""
"sheet-names-100","candidate","A","a2","11","13.587","5503320",""
"sheet-names-100","candidate","A","a2","12","13.565","5503320",""
"sheet-names-100","candidate","A","a2","13","13.692","5503320",""
"sheet-names-100","candidate","A","a2","14","13.595","5503320",""
"sheet-names-100","candidate","A","a2","15","13.456","5503320",""
"sheet-names-100","candidate","A","a2","16","13.300","5503320",""
"sheet-names-100","candidate","A","a2","17","14.683","5503320",""
"sheet-names-100","candidate","A","a2","18","18.617","5505464",""
"sheet-names-100","candidate","A","a2","19","14.856","5503320",""
"sheet-names-100","candidate","A","a2","20","15.013","5503320",""
"sheet-names-100","baseline","B","b1","0","41.582","6030336",""
"sheet-names-100","baseline","B","b1","1","16.857","5944120",""
"sheet-names-100","baseline","B","b1","2","17.202","5944120",""
"sheet-names-100","baseline","B","b1","3","16.134","5944120",""
"sheet-names-100","baseline","B","b1","4","16.297","5944120",""
"sheet-names-100","baseline","B","b1","5","16.254","5944120",""
"sheet-names-100","baseline","B","b1","6","15.829","5944120",""
"sheet-names-100","baseline","B","b1","7","16.079","5944120",""
"sheet-names-100","baseline","B","b1","8","17.445","5952160",""
"sheet-names-100","baseline","B","b1","9","14.482","5944120",""
"sheet-names-100","baseline","B","b1","10","14.441","5944120",""
"sheet-names-100","baseline","B","b1","11","15.661","5944120",""
"sheet-names-100","baseline","B","b1","12","20.150","5944120",""
"sheet-names-100","baseline","B","b1","13","14.634","5944120",""
"sheet-names-100","baseline","B","b1","14","16.428","5944120",""
"sheet-names-100","baseline","B","b1","15","14.750","5944120",""
"sheet-names-100","baseline","B","b1","16","14.961","5949240",""
"sheet-names-100","baseline","B","b1","17","14.212","5944120",""
"sheet-names-100","baseline","B","b1","18","14.290","5944120",""
"sheet-names-100","baseline","B","b1","19","19.335","5944120",""
"sheet-names-100","baseline","B","b1","20","14.435","5944120",""
"sheet-names-100","candidate","B","b1","0","41.798","5594624",""
"sheet-names-100","candidate","B","b1","1","16.541","5503320",""
"sheet-names-100","candidate","B","b1","2","15.843","5503320",""
"sheet-names-100","candidate","B","b1","3","16.047","5503320",""
"sheet-names-100","candidate","B","b1","4","16.093","5503320",""
"sheet-names-100","candidate","B","b1","5","15.697","5503320",""
"sheet-names-100","candidate","B","b1","6","15.775","5503320",""
"sheet-names-100","candidate","B","b1","7","15.629","5503320",""
"sheet-names-100","candidate","B","b1","8","16.340","5510192",""
"sheet-names-100","candidate","B","b1","9","14.215","5503320",""
"sheet-names-100","candidate","B","b1","10","13.587","5503320",""
"sheet-names-100","candidate","B","b1","11","14.934","5503320",""
"sheet-names-100","candidate","B","b1","12","13.967","5503320",""
"sheet-names-100","candidate","B","b1","13","13.688","5503320",""
"sheet-names-100","candidate","B","b1","14","13.654","5503320",""
"sheet-names-100","candidate","B","b1","15","13.801","5503320",""
"sheet-names-100","candidate","B","b1","16","13.765","5503320",""
"sheet-names-100","candidate","B","b1","17","13.578","5503320",""
"sheet-names-100","candidate","B","b1","18","14.736","5505464",""
"sheet-names-100","candidate","B","b1","19","13.801","5503320",""
"sheet-names-100","candidate","B","b1","20","13.556","5503320",""
"sheet-names-100","baseline","B","b2","0","40.852","6036528",""
"sheet-names-100","baseline","B","b2","1","16.932","5944120",""
"sheet-names-100","baseline","B","b2","2","16.166","5944120",""
"sheet-names-100","baseline","B","b2","3","15.615","5944120",""
"sheet-names-100","baseline","B","b2","4","16.327","5944120",""
"sheet-names-100","baseline","B","b2","5","16.023","5944120",""
"sheet-names-100","baseline","B","b2","6","16.076","5944120",""
"sheet-names-100","baseline","B","b2","7","16.624","5944120",""
"sheet-names-100","baseline","B","b2","8","15.589","5952160",""
"sheet-names-100","baseline","B","b2","9","14.922","5944120",""
"sheet-names-100","baseline","B","b2","10","16.444","5944120",""
"sheet-names-100","baseline","B","b2","11","15.879","5944120",""
"sheet-names-100","baseline","B","b2","12","15.451","5944120",""
"sheet-names-100","baseline","B","b2","13","14.463","5944120",""
"sheet-names-100","baseline","B","b2","14","15.565","5944120",""
"sheet-names-100","baseline","B","b2","15","14.911","5944120",""
"sheet-names-100","baseline","B","b2","16","16.197","5949240",""
"sheet-names-100","baseline","B","b2","17","16.904","5944120",""
"sheet-names-100","baseline","B","b2","18","16.444","5944120",""
"sheet-names-100","baseline","B","b2","19","14.688","5944120",""
"sheet-names-100","baseline","B","b2","20","14.534","5944120",""
"sheet-names-100","candidate","B","b2","0","41.538","5594624",""
"sheet-names-100","candidate","B","b2","1","15.845","5503320",""
"sheet-names-100","candidate","B","b2","2","15.598","5503320",""
"sheet-names-100","candidate","B","b2","3","15.350","5503320",""
"sheet-names-100","candidate","B","b2","4","15.391","5503320",""
"sheet-names-100","candidate","B","b2","5","16.442","5503320",""
"sheet-names-100","candidate","B","b2","6","15.881","5503320",""
"sheet-names-100","candidate","B","b2","7","16.404","5503320",""
"sheet-names-100","candidate","B","b2","8","16.272","5510192",""
"sheet-names-100","candidate","B","b2","9","14.129","5503320",""
"sheet-names-100","candidate","B","b2","10","14.146","5503320",""
"sheet-names-100","candidate","B","b2","11","13.790","5503320",""
"sheet-names-100","candidate","B","b2","12","14.060","5503320",""
"sheet-names-100","candidate","B","b2","13","13.932","5503320",""
"sheet-names-100","candidate","B","b2","14","14.712","5503320",""
"sheet-names-100","candidate","B","b2","15","13.950","5503320",""
"sheet-names-100","candidate","B","b2","16","13.986","5503320",""
"sheet-names-100","candidate","B","b2","17","15.523","5503320",""
"sheet-names-100","candidate","B","b2","18","15.704","5505464",""
"sheet-names-100","candidate","B","b2","19","13.838","5503320",""
"sheet-names-100","candidate","B","b2","20","14.098","5503320",""
"typed-scan","baseline","A","a1","0","414.407","53204592","4814962925905058108"
"typed-scan","baseline","A","a1","1","145.151","122304","4814962925905058108"
"typed-scan","baseline","A","a1","2","142.805","114264","4814962925905058108"
"typed-scan","baseline","A","a1","3","146.241","114264","4814962925905058108"
"typed-scan","baseline","A","a1","4","146.792","114264","4814962925905058108"
"typed-scan","baseline","A","a1","5","158.543","114264","4814962925905058108"
"typed-scan","baseline","A","a1","6","152.947","114264","4814962925905058108"
"typed-scan","baseline","A","a1","7","134.156","114264","4814962925905058108"
"typed-scan","baseline","A","a1","8","114.897","114264","4814962925905058108"
"typed-scan","baseline","A","a1","9","125.026","114264","4814962925905058108"
"typed-scan","baseline","A","a1","10","123.165","114264","4814962925905058108"
"typed-scan","baseline","A","a1","11","132.027","114264","4814962925905058108"
"typed-scan","baseline","A","a1","12","118.285","114264","4814962925905058108"
"typed-scan","baseline","A","a1","13","130.832","114264","4814962925905058108"
"typed-scan","baseline","A","a1","14","129.610","114584","4814962925905058108"
"typed-scan","baseline","A","a1","15","156.642","114664","4814962925905058108"
"typed-scan","baseline","A","a1","16","151.156","114584","4814962925905058108"
"typed-scan","baseline","A","a1","17","117.451","114584","4814962925905058108"
"typed-scan","baseline","A","a1","18","91.708","114584","4814962925905058108"
"typed-scan","baseline","A","a1","19","94.170","114584","4814962925905058108"
"typed-scan","baseline","A","a1","20","270.335","114584","4814962925905058108"
"typed-scan","baseline","A","a1","21","101.013","114584","4814962925905058108"
"typed-scan","baseline","A","a1","22","89.993","114584","4814962925905058108"
"typed-scan","baseline","A","a1","23","105.218","114584","4814962925905058108"
"typed-scan","candidate","A","a1","0","565.962","53192888","4814962925905058108"
"typed-scan","candidate","A","a1","1","199.359","116728","4814962925905058108"
"typed-scan","candidate","A","a1","2","230.700","109856","4814962925905058108"
"typed-scan","candidate","A","a1","3","132.709","109856","4814962925905058108"
"typed-scan","candidate","A","a1","4","184.633","109856","4814962925905058108"
"typed-scan","candidate","A","a1","5","133.906","109856","4814962925905058108"
"typed-scan","candidate","A","a1","6","134.963","109856","4814962925905058108"
"typed-scan","candidate","A","a1","7","129.395","109856","4814962925905058108"
"typed-scan","candidate","A","a1","8","119.466","109856","4814962925905058108"
"typed-scan","candidate","A","a1","9","126.912","109856","4814962925905058108"
"typed-scan","candidate","A","a1","10","131.731","109856","4814962925905058108"
"typed-scan","candidate","A","a1","11","118.730","109856","4814962925905058108"
"typed-scan","candidate","A","a1","12","109.688","110176","4814962925905058108"
"typed-scan","candidate","A","a1","13","120.039","110176","4814962925905058108"
"typed-scan","candidate","A","a1","14","128.894","110176","4814962925905058108"
"typed-scan","candidate","A","a1","15","145.352","110256","4814962925905058108"
"typed-scan","candidate","A","a1","16","144.571","110176","4814962925905058108"
"typed-scan","candidate","A","a1","17","163.530","110176","4814962925905058108"
"typed-scan","candidate","A","a1","18","115.860","110176","4814962925905058108"
"typed-scan","candidate","A","a1","19","114.859","110336","4814962925905058108"
"typed-scan","candidate","A","a1","20","130.559","110096","4814962925905058108"
"typed-scan","candidate","A","a1","21","116.248","110256","4814962925905058108"
"typed-scan","candidate","A","a1","22","99.774","110096","4814962925905058108"
"typed-scan","candidate","A","a1","23","99.073","110256","4814962925905058108"
"typed-scan","baseline","A","a2","0","356.716","53198400","4814962925905058108"
"typed-scan","baseline","A","a2","1","217.058","122304","4814962925905058108"
"typed-scan","baseline","A","a2","2","67.224","114264","4814962925905058108"
"typed-scan","baseline","A","a2","3","65.957","114264","4814962925905058108"
"typed-scan","baseline","A","a2","4","70.329","114264","4814962925905058108"
"typed-scan","baseline","A","a2","5","67.763","114264","4814962925905058108"
"typed-scan","baseline","A","a2","6","72.242","114264","4814962925905058108"
"typed-scan","baseline","A","a2","7","116.874","114264","4814962925905058108"
"typed-scan","baseline","A","a2","8","103.525","114264","4814962925905058108"
"typed-scan","baseline","A","a2","9","127.809","114264","4814962925905058108"
"typed-scan","baseline","A","a2","10","96.600","114264","4814962925905058108"
"typed-scan","baseline","A","a2","11","80.022","114264","4814962925905058108"
"typed-scan","baseline","A","a2","12","88.349","114264","4814962925905058108"
"typed-scan","baseline","A","a2","13","90.701","114264","4814962925905058108"
"typed-scan","baseline","A","a2","14","91.065","114264","4814962925905058108"
"typed-scan","baseline","A","a2","15","79.633","114264","4814962925905058108"
"typed-scan","baseline","A","a2","16","105.069","114264","4814962925905058108"
"typed-scan","baseline","A","a2","17","78.732","114264","4814962925905058108"
"typed-scan","baseline","A","a2","18","102.195","114264","4814962925905058108"
"typed-scan","baseline","A","a2","19","89.491","114264","4814962925905058108"
"typed-scan","baseline","A","a2","20","94.134","114584","4814962925905058108"
"typed-scan","baseline","A","a2","21","126.234","114584","4814962925905058108"
"typed-scan","baseline","A","a2","22","120.939","114584","4814962925905058108"
"typed-scan","baseline","A","a2","23","96.522","114584","4814962925905058108"
"typed-scan","candidate","A","a2","0","449.695","53199080","4814962925905058108"
"typed-scan","candidate","A","a2","1","191.351","116728","4814962925905058108"
"typed-scan","candidate","A","a2","2","182.472","109856","4814962925905058108"
"typed-scan","candidate","A","a2","3","208.954","109856","4814962925905058108"
"typed-scan","candidate","A","a2","4","180.397","109856","4814962925905058108"
"typed-scan","candidate","A","a2","5","122.154","109856","4814962925905058108"
"typed-scan","candidate","A","a2","6","88.042","109856","4814962925905058108"
"typed-scan","candidate","A","a2","7","95.447","109856","4814962925905058108"
"typed-scan","candidate","A","a2","8","81.135","109856","4814962925905058108"
"typed-scan","candidate","A","a2","9","71.268","109856","4814962925905058108"
"typed-scan","candidate","A","a2","10","87.206","109856","4814962925905058108"
"typed-scan","candidate","A","a2","11","136.239","109856","4814962925905058108"
"typed-scan","candidate","A","a2","12","140.000","109856","4814962925905058108"
"typed-scan","candidate","A","a2","13","112.139","110176","4814962925905058108"
"typed-scan","candidate","A","a2","14","85.331","110176","4814962925905058108"
"typed-scan","candidate","A","a2","15","91.720","110256","4814962925905058108"
"typed-scan","candidate","A","a2","16","87.175","110256","4814962925905058108"
"typed-scan","candidate","A","a2","17","69.150","110336","4814962925905058108"
"typed-scan","candidate","A","a2","18","72.286","110336","4814962925905058108"
"typed-scan","candidate","A","a2","19","70.427","110336","4814962925905058108"
"typed-scan","candidate","A","a2","20","79.074","110256","4814962925905058108"
"typed-scan","candidate","A","a2","21","68.868","110256","4814962925905058108"
"typed-scan","candidate","A","a2","22","67.401","110256","4814962925905058108"
"typed-scan","candidate","A","a2","23","73.621","110176","4814962925905058108"
"typed-scan","baseline","B","b1","0","319.584","53198400","4814962925905058108"
"typed-scan","baseline","B","b1","1","303.435","122304","4814962925905058108"
"typed-scan","baseline","B","b1","2","93.783","114264","4814962925905058108"
"typed-scan","baseline","B","b1","3","116.315","114264","4814962925905058108"
"typed-scan","baseline","B","b1","4","115.845","114264","4814962925905058108"
"typed-scan","baseline","B","b1","5","122.311","114264","4814962925905058108"
"typed-scan","baseline","B","b1","6","144.814","114264","4814962925905058108"
"typed-scan","baseline","B","b1","7","312.273","114264","4814962925905058108"
"typed-scan","baseline","B","b1","8","108.974","114264","4814962925905058108"
"typed-scan","baseline","B","b1","9","111.895","114264","4814962925905058108"
"typed-scan","baseline","B","b1","10","68.808","114264","4814962925905058108"
"typed-scan","baseline","B","b1","11","87.014","114264","4814962925905058108"
"typed-scan","baseline","B","b1","12","123.740","114264","4814962925905058108"
"typed-scan","baseline","B","b1","13","201.379","114264","4814962925905058108"
"typed-scan","baseline","B","b1","14","84.770","114264","4814962925905058108"
"typed-scan","baseline","B","b1","15","142.534","114264","4814962925905058108"
"typed-scan","baseline","B","b1","16","78.281","114264","4814962925905058108"
"typed-scan","baseline","B","b1","17","69.329","114584","4814962925905058108"
"typed-scan","baseline","B","b1","18","70.041","114584","4814962925905058108"
"typed-scan","baseline","B","b1","19","69.777","114584","4814962925905058108"
"typed-scan","baseline","B","b1","20","70.533","114584","4814962925905058108"
"typed-scan","baseline","B","b1","21","77.314","114584","4814962925905058108"
"typed-scan","baseline","B","b1","22","81.753","114584","4814962925905058108"
"typed-scan","baseline","B","b1","23","86.691","114584","4814962925905058108"
"typed-scan","candidate","B","b1","0","311.635","53192888","4814962925905058108"
"typed-scan","candidate","B","b1","1","214.914","116728","4814962925905058108"
"typed-scan","candidate","B","b1","2","189.116","109856","4814962925905058108"
"typed-scan","candidate","B","b1","3","195.021","109856","4814962925905058108"
"typed-scan","candidate","B","b1","4","178.398","109856","4814962925905058108"
"typed-scan","candidate","B","b1","5","66.050","109856","4814962925905058108"
"typed-scan","candidate","B","b1","6","65.701","109856","4814962925905058108"
"typed-scan","candidate","B","b1","7","65.313","109856","4814962925905058108"
"typed-scan","candidate","B","b1","8","65.792","109856","4814962925905058108"
"typed-scan","candidate","B","b1","9","77.232","109856","4814962925905058108"
"typed-scan","candidate","B","b1","10","67.521","109856","4814962925905058108"
"typed-scan","candidate","B","b1","11","65.316","109856","4814962925905058108"
"typed-scan","candidate","B","b1","12","64.289","109856","4814962925905058108"
"typed-scan","candidate","B","b1","13","66.073","109856","4814962925905058108"
"typed-scan","candidate","B","b1","14","64.523","110176","4814962925905058108"
"typed-scan","candidate","B","b1","15","64.562","110176","4814962925905058108"
"typed-scan","candidate","B","b1","16","64.049","110256","4814962925905058108"
"typed-scan","candidate","B","b1","17","64.401","110176","4814962925905058108"
"typed-scan","candidate","B","b1","18","77.908","110176","4814962925905058108"
"typed-scan","candidate","B","b1","19","67.766","110176","4814962925905058108"
"typed-scan","candidate","B","b1","20","66.762","110176","4814962925905058108"
"typed-scan","candidate","B","b1","21","65.258","110336","4814962925905058108"
"typed-scan","candidate","B","b1","22","65.788","110256","4814962925905058108"
"typed-scan","candidate","B","b1","23","66.099","110256","4814962925905058108"
"typed-scan","baseline","B","b2","0","287.744","53198400","4814962925905058108"
"typed-scan","baseline","B","b2","1","218.783","122304","4814962925905058108"
"typed-scan","baseline","B","b2","2","234.155","114264","4814962925905058108"
"typed-scan","baseline","B","b2","3","178.824","114264","4814962925905058108"
"typed-scan","baseline","B","b2","4","184.810","114264","4814962925905058108"
"typed-scan","baseline","B","b2","5","184.671","114264","4814962925905058108"
"typed-scan","baseline","B","b2","6","193.940","114264","4814962925905058108"
"typed-scan","baseline","B","b2","7","186.067","114264","4814962925905058108"
"typed-scan","baseline","B","b2","8","177.157","114264","4814962925905058108"
"typed-scan","baseline","B","b2","9","187.774","114264","4814962925905058108"
"typed-scan","baseline","B","b2","10","66.584","114264","4814962925905058108"
"typed-scan","baseline","B","b2","11","65.869","114264","4814962925905058108"
"typed-scan","baseline","B","b2","12","69.878","114264","4814962925905058108"
"typed-scan","baseline","B","b2","13","67.641","114584","4814962925905058108"
"typed-scan","baseline","B","b2","14","65.274","114584","4814962925905058108"
"typed-scan","baseline","B","b2","15","64.761","114584","4814962925905058108"
"typed-scan","baseline","B","b2","16","67.068","114664","4814962925905058108"
"typed-scan","baseline","B","b2","17","76.237","114584","4814962925905058108"
"typed-scan","baseline","B","b2","18","66.126","114744","4814962925905058108"
"typed-scan","baseline","B","b2","19","67.719","114744","4814962925905058108"
"typed-scan","baseline","B","b2","20","74.613","114744","4814962925905058108"
"typed-scan","baseline","B","b2","21","64.911","114744","4814962925905058108"
"typed-scan","baseline","B","b2","22","76.025","114504","4814962925905058108"
"typed-scan","baseline","B","b2","23","74.315","114504","4814962925905058108"
"typed-scan","candidate","B","b2","0","282.554","53192888","4814962925905058108"
"typed-scan","candidate","B","b2","1","179.276","116728","4814962925905058108"
"typed-scan","candidate","B","b2","2","65.269","109856","4814962925905058108"
"typed-scan","candidate","B","b2","3","64.280","109856","4814962925905058108"
"typed-scan","candidate","B","b2","4","64.528","109856","4814962925905058108"
"typed-scan","candidate","B","b2","5","64.358","109856","4814962925905058108"
"typed-scan","candidate","B","b2","6","68.268","109856","4814962925905058108"
"typed-scan","candidate","B","b2","7","66.019","109856","4814962925905058108"
"typed-scan","candidate","B","b2","8","64.012","109856","4814962925905058108"
"typed-scan","candidate","B","b2","9","64.833","109856","4814962925905058108"
"typed-scan","candidate","B","b2","10","64.752","109856","4814962925905058108"
"typed-scan","candidate","B","b2","11","64.495","109856","4814962925905058108"
"typed-scan","candidate","B","b2","12","64.161","109856","4814962925905058108"
"typed-scan","candidate","B","b2","13","64.050","109856","4814962925905058108"
"typed-scan","candidate","B","b2","14","63.691","109856","4814962925905058108"
"typed-scan","candidate","B","b2","15","68.095","109856","4814962925905058108"
"typed-scan","candidate","B","b2","16","65.001","109856","4814962925905058108"
"typed-scan","candidate","B","b2","17","65.937","109856","4814962925905058108"
"typed-scan","candidate","B","b2","18","64.093","109856","4814962925905058108"
"typed-scan","candidate","B","b2","19","67.006","109856","4814962925905058108"
"typed-scan","candidate","B","b2","20","70.588","109856","4814962925905058108"
"typed-scan","candidate","B","b2","21","64.713","109856","4814962925905058108"
"typed-scan","candidate","B","b2","22","63.610","109856","4814962925905058108"
"typed-scan","candidate","B","b2","23","64.743","109856","4814962925905058108"
