"scenario","engine","iteration","durationMs","status"
"ExcelDefaultLongEscaped","Before","0","39.9202","Succeeded"
"ExcelDefaultLongEscaped","After","0","39.483","Succeeded"
"ExcelDefaultLongPlain","Before","0","38.4594","Succeeded"
"ExcelDefaultLongPlain","After","0","34.68","Succeeded"
"ExcelLongEscaped","Before","0","162.0339","Succeeded"
"ExcelLongEscaped","After","0","32.0355","Succeeded"
"ExcelLongMarkup","Before","0","76.8454","Succeeded"
"ExcelLongMarkup","After","0","68.2218","Succeeded"
"ExcelLongPlain","Before","0","10.4677","Succeeded"
"ExcelLongPlain","After","0","13.3071","Succeeded"
"ExcelShortPlain","Before","0","3.7858","Succeeded"
"ExcelShortPlain","After","0","6.9897","Succeeded"
"ExcelDefaultLongPlain","After","1","16.1864","Succeeded"
"ExcelDefaultLongPlain","Before","1","15.4283","Succeeded"
"ExcelLongEscaped","After","1","32.5647","Succeeded"
"ExcelLongEscaped","Before","1","34.9405","Succeeded"
"ExcelLongMarkup","After","1","67.3147","Succeeded"
"ExcelLongMarkup","Before","1","71.1059","Succeeded"
"ExcelLongPlain","After","1","28.3037","Succeeded"
"ExcelLongPlain","Before","1","27.7733","Succeeded"
"ExcelShortPlain","After","1","4.8344","Succeeded"
"ExcelShortPlain","Before","1","4.631","Succeeded"
"ExcelDefaultLongEscaped","After","1","17.8199","Succeeded"
"ExcelDefaultLongEscaped","Before","1","28.5099","Succeeded"
"ExcelLongEscaped","Before","2","26.0793","Succeeded"
"ExcelLongEscaped","After","2","12.7172","Succeeded"
"ExcelLongMarkup","Before","2","61.2881","Succeeded"
"ExcelLongMarkup","After","2","64.9619","Succeeded"
"ExcelLongPlain","Before","2","11.6869","Succeeded"
"ExcelLongPlain","After","2","17.7681","Succeeded"
"ExcelShortPlain","Before","2","6.622","Succeeded"
"ExcelShortPlain","After","2","3.626","Succeeded"
"ExcelDefaultLongEscaped","Before","2","32.6822","Succeeded"
"ExcelDefaultLongEscaped","After","2","18.0701","Succeeded"
"ExcelDefaultLongPlain","Before","2","15.8653","Succeeded"
"ExcelDefaultLongPlain","After","2","15.9056","Succeeded"
"ExcelLongMarkup","After","3","78.8812","Succeeded"
"ExcelLongMarkup","Before","3","60.5676","Succeeded"
"ExcelLongPlain","After","3","12.1101","Succeeded"
"ExcelLongPlain","Before","3","14.2615","Succeeded"
"ExcelShortPlain","After","3","4.6405","Succeeded"
"ExcelShortPlain","Before","3","4.7505","Succeeded"
"ExcelDefaultLongEscaped","After","3","17.4641","Succeeded"
"ExcelDefaultLongEscaped","Before","3","26.9343","Succeeded"
"ExcelDefaultLongPlain","After","3","14.5992","Succeeded"
"ExcelDefaultLongPlain","Before","3","12.9559","Succeeded"
"ExcelLongEscaped","After","3","14.1504","Succeeded"
"ExcelLongEscaped","Before","3","24.7768","Succeeded"
"ExcelLongPlain","Before","4","16.6318","Succeeded"
"ExcelLongPlain","After","4","13.7056","Succeeded"
"ExcelShortPlain","Before","4","4.6123","Succeeded"
"ExcelShortPlain","After","4","4.5262","Succeeded"
"ExcelDefaultLongEscaped","Before","4","34.0537","Succeeded"
"ExcelDefaultLongEscaped","After","4","20.0879","Succeeded"
"ExcelDefaultLongPlain","Before","4","22.564","Succeeded"
"ExcelDefaultLongPlain","After","4","15.733","Succeeded"
"ExcelLongEscaped","Before","4","30.2582","Succeeded"
"ExcelLongEscaped","After","4","16.2842","Succeeded"
"ExcelLongMarkup","Before","4","71.2622","Succeeded"
"ExcelLongMarkup","After","4","86.9733","Succeeded"
"ExcelShortPlain","After","5","6.9939","Succeeded"
"ExcelShortPlain","Before","5","3.8813","Succeeded"
"ExcelDefaultLongEscaped","After","5","15.2393","Succeeded"
"ExcelDefaultLongEscaped","Before","5","24.7386","Succeeded"
"ExcelDefaultLongPlain","After","5","12.5797","Succeeded"
"ExcelDefaultLongPlain","Before","5","15.6424","Succeeded"
"ExcelLongEscaped","After","5","19.3714","Succeeded"
"ExcelLongEscaped","Before","5","28.8049","Succeeded"
"ExcelLongMarkup","After","5","64.7015","Succeeded"
"ExcelLongMarkup","Before","5","67.976","Succeeded"
"ExcelLongPlain","After","5","10.6626","Succeeded"
"ExcelLongPlain","Before","5","10.744","Succeeded"
"ExcelDefaultLongEscaped","Before","6","24.0342","Succeeded"
"ExcelDefaultLongEscaped","After","6","15.9112","Succeeded"
"ExcelDefaultLongPlain","Before","6","11.7424","Succeeded"
"ExcelDefaultLongPlain","After","6","12.164","Succeeded"
"ExcelLongEscaped","Before","6","23.2105","Succeeded"
"ExcelLongEscaped","After","6","15.1395","Succeeded"
"ExcelLongMarkup","Before","6","67.8983","Succeeded"
"ExcelLongMarkup","After","6","63.2367","Succeeded"
"ExcelLongPlain","Before","6","10.5344","Succeeded"
"ExcelLongPlain","After","6","10.6378","Succeeded"
"ExcelShortPlain","Before","6","3.7323","Succeeded"
"ExcelShortPlain","After","6","3.8559","Succeeded"
"ExcelDefaultLongPlain","After","7","16.6084","Succeeded"
"ExcelDefaultLongPlain","Before","7","15.7915","Succeeded"
"ExcelLongEscaped","After","7","12.1346","Succeeded"
"ExcelLongEscaped","Before","7","26.3861","Succeeded"
"ExcelLongMarkup","After","7","67.2006","Succeeded"
"ExcelLongMarkup","Before","7","72.1796","Succeeded"
"ExcelLongPlain","After","7","14.7107","Succeeded"
"ExcelLongPlain","Before","7","13.0327","Succeeded"
"ExcelShortPlain","After","7","3.2552","Succeeded"
"ExcelShortPlain","Before","7","3.6466","Succeeded"
"ExcelDefaultLongEscaped","After","7","14.62","Succeeded"
"ExcelDefaultLongEscaped","Before","7","21.2248","Succeeded"
"ExcelLongEscaped","Before","8","28.6427","Succeeded"
"ExcelLongEscaped","After","8","16.8663","Succeeded"
"ExcelLongMarkup","Before","8","76.1839","Succeeded"
"ExcelLongMarkup","After","8","64.0732","Succeeded"
"ExcelLongPlain","Before","8","12.595","Succeeded"
"ExcelLongPlain","After","8","9.9356","Succeeded"
"ExcelShortPlain","Before","8","3.4118","Succeeded"
"ExcelShortPlain","After","8","6.0057","Succeeded"
"ExcelDefaultLongEscaped","Before","8","20.22","Succeeded"
"ExcelDefaultLongEscaped","After","8","13.9214","Succeeded"
"ExcelDefaultLongPlain","Before","8","12.0902","Succeeded"
"ExcelDefaultLongPlain","After","8","12.0309","Succeeded"
"ExcelLongMarkup","After","9","72.8411","Succeeded"
"ExcelLongMarkup","Before","9","78.5173","Succeeded"
"ExcelLongPlain","After","9","13.1763","Succeeded"
"ExcelLongPlain","Before","9","11.6044","Succeeded"
"ExcelShortPlain","After","9","3.3021","Succeeded"
"ExcelShortPlain","Before","9","3.4465","Succeeded"
"ExcelDefaultLongEscaped","After","9","14.075","Succeeded"
"ExcelDefaultLongEscaped","Before","9","25.4342","Succeeded"
"ExcelDefaultLongPlain","After","9","14.6816","Succeeded"
"ExcelDefaultLongPlain","Before","9","11.8536","Succeeded"
"ExcelLongEscaped","After","9","12.3497","Succeeded"
"ExcelLongEscaped","Before","9","20.5371","Succeeded"
"ExcelLongPlain","Before","10","10.932","Succeeded"
"ExcelLongPlain","After","10","13.409","Succeeded"
"ExcelShortPlain","Before","10","8.3173","Succeeded"
"ExcelShortPlain","After","10","7.1851","Succeeded"
"ExcelDefaultLongEscaped","Before","10","21.4346","Succeeded"
"ExcelDefaultLongEscaped","After","10","13.051","Succeeded"
"ExcelDefaultLongPlain","Before","10","12.7336","Succeeded"
"ExcelDefaultLongPlain","After","10","15.123","Succeeded"
"ExcelLongEscaped","Before","10","21.2454","Succeeded"
"ExcelLongEscaped","After","10","12.6951","Succeeded"
"ExcelLongMarkup","Before","10","61.3592","Succeeded"
"ExcelLongMarkup","After","10","66.2048","Succeeded"
"ExcelShortPlain","After","11","3.7198","Succeeded"
"ExcelShortPlain","Before","11","10.8394","Succeeded"
"ExcelDefaultLongEscaped","After","11","16.1076","Succeeded"
"ExcelDefaultLongEscaped","Before","11","22.342","Succeeded"
"ExcelDefaultLongPlain","After","11","11.6646","Succeeded"
"ExcelDefaultLongPlain","Before","11","11.6382","Succeeded"
"ExcelLongEscaped","After","11","11.8063","Succeeded"
"ExcelLongEscaped","Before","11","25.2259","Succeeded"
"ExcelLongMarkup","After","11","63.2267","Succeeded"
"ExcelLongMarkup","Before","11","60.3303","Succeeded"
"ExcelLongPlain","After","11","11.126","Succeeded"
"ExcelLongPlain","Before","11","10.7691","Succeeded"
"ExcelDefaultLongEscaped","Before","12","22.2219","Succeeded"
"ExcelDefaultLongEscaped","After","12","13.8891","Succeeded"
"ExcelDefaultLongPlain","Before","12","15.3601","Succeeded"
"ExcelDefaultLongPlain","After","12","15.3665","Succeeded"
"ExcelLongEscaped","Before","12","26.5104","Succeeded"
"ExcelLongEscaped","After","12","16.6303","Succeeded"
"ExcelLongMarkup","Before","12","59.8684","Succeeded"
"ExcelLongMarkup","After","12","65.8465","Succeeded"
"ExcelLongPlain","Before","12","9.5574","Succeeded"
"ExcelLongPlain","After","12","9.9564","Succeeded"
"ExcelShortPlain","Before","12","3.057","Succeeded"
"ExcelShortPlain","After","12","3.1749","Succeeded"
"ExcelDefaultLongPlain","After","13","11.1772","Succeeded"
"ExcelDefaultLongPlain","Before","13","21.6989","Succeeded"
"ExcelLongEscaped","After","13","15.2699","Succeeded"
"ExcelLongEscaped","Before","13","20.2842","Succeeded"
"ExcelLongMarkup","After","13","68.6549","Succeeded"
"ExcelLongMarkup","Before","13","66.1256","Succeeded"
"ExcelLongPlain","After","13","11.2808","Succeeded"
"ExcelLongPlain","Before","13","23.1145","Succeeded"
"ExcelShortPlain","After","13","6.5069","Succeeded"
"ExcelShortPlain","Before","13","3.437","Succeeded"
"ExcelDefaultLongEscaped","After","13","17.1996","Succeeded"
"ExcelDefaultLongEscaped","Before","13","30.9199","Succeeded"
"ExcelLongEscaped","Before","14","21.5932","Succeeded"
"ExcelLongEscaped","After","14","21.6562","Succeeded"
"ExcelLongMarkup","Before","14","80.7556","Succeeded"
"ExcelLongMarkup","After","14","74.9746","Succeeded"
"ExcelLongPlain","Before","14","10.315","Succeeded"
"ExcelLongPlain","After","14","10.4888","Succeeded"
"ExcelShortPlain","Before","14","3.8698","Succeeded"
"ExcelShortPlain","After","14","3.1357","Succeeded"
"ExcelDefaultLongEscaped","Before","14","29.6909","Succeeded"
"ExcelDefaultLongEscaped","After","14","16.2102","Succeeded"
"ExcelDefaultLongPlain","Before","14","11.5017","Succeeded"
"ExcelDefaultLongPlain","After","14","14.5041","Succeeded"
"ExcelLongMarkup","After","15","68.581","Succeeded"
"ExcelLongMarkup","Before","15","63.2436","Succeeded"
"ExcelLongPlain","After","15","14.9865","Succeeded"
"ExcelLongPlain","Before","15","13.0846","Succeeded"
"ExcelShortPlain","After","15","3.2227","Succeeded"
"ExcelShortPlain","Before","15","3.6347","Succeeded"
"ExcelDefaultLongEscaped","After","15","13.5783","Succeeded"
"ExcelDefaultLongEscaped","Before","15","20.7363","Succeeded"
"ExcelDefaultLongPlain","After","15","11.2913","Succeeded"
"ExcelDefaultLongPlain","Before","15","14.1081","Succeeded"
"ExcelLongEscaped","After","15","12.1426","Succeeded"
"ExcelLongEscaped","Before","15","22.193","Succeeded"
"ExcelLongPlain","Before","16","10.5134","Succeeded"
"ExcelLongPlain","After","16","10.7621","Succeeded"
"ExcelShortPlain","Before","16","3.5065","Succeeded"
"ExcelShortPlain","After","16","5.9864","Succeeded"
"ExcelDefaultLongEscaped","Before","16","24.5661","Succeeded"
"ExcelDefaultLongEscaped","After","16","13.8041","Succeeded"
"ExcelDefaultLongPlain","Before","16","12.3307","Succeeded"
"ExcelDefaultLongPlain","After","16","19.2377","Succeeded"
"ExcelLongEscaped","Before","16","23.431","Succeeded"
"ExcelLongEscaped","After","16","14.4154","Succeeded"
"ExcelLongMarkup","Before","16","68.5865","Succeeded"
"ExcelLongMarkup","After","16","80.9818","Succeeded"
"ExcelShortPlain","After","17","4.0569","Succeeded"
"ExcelShortPlain","Before","17","4.176","Succeeded"
"ExcelDefaultLongEscaped","After","17","27.0235","Succeeded"
"ExcelDefaultLongEscaped","Before","17","26.5306","Succeeded"
"ExcelDefaultLongPlain","After","17","13.3995","Succeeded"
"ExcelDefaultLongPlain","Before","17","11.4992","Succeeded"
"ExcelLongEscaped","After","17","13.0714","Succeeded"
"ExcelLongEscaped","Before","17","22.1306","Succeeded"
"ExcelLongMarkup","After","17","66.1859","Succeeded"
"ExcelLongMarkup","Before","17","67.5146","Succeeded"
"ExcelLongPlain","After","17","10.9926","Succeeded"
"ExcelLongPlain","Before","17","10.2631","Succeeded"
"ExcelDefaultLongEscaped","Before","18","20.8863","Succeeded"
"ExcelDefaultLongEscaped","After","18","14.8474","Succeeded"
"ExcelDefaultLongPlain","Before","18","12.0588","Succeeded"
"ExcelDefaultLongPlain","After","18","15.3328","Succeeded"
"ExcelLongEscaped","Before","18","23.7055","Succeeded"
"ExcelLongEscaped","After","18","12.587","Succeeded"
"ExcelLongMarkup","Before","18","64.513","Succeeded"
"ExcelLongMarkup","After","18","72.3438","Succeeded"
"ExcelLongPlain","Before","18","11.9674","Succeeded"
"ExcelLongPlain","After","18","16.4137","Succeeded"
"ExcelShortPlain","Before","18","4.7187","Succeeded"
"ExcelShortPlain","After","18","3.9437","Succeeded"
"ExcelDefaultLongPlain","After","19","13.4571","Succeeded"
"ExcelDefaultLongPlain","Before","19","18.8146","Succeeded"
"ExcelLongEscaped","After","19","22.3141","Succeeded"
"ExcelLongEscaped","Before","19","23.9491","Succeeded"
"ExcelLongMarkup","After","19","72.2785","Succeeded"
"ExcelLongMarkup","Before","19","65.3744","Succeeded"
"ExcelLongPlain","After","19","10.6694","Succeeded"
"ExcelLongPlain","Before","19","10.7465","Succeeded"
"ExcelShortPlain","After","19","3.9921","Succeeded"
"ExcelShortPlain","Before","19","5.709","Succeeded"
"ExcelDefaultLongEscaped","After","19","12.8479","Succeeded"
"ExcelDefaultLongEscaped","Before","19","21.4088","Succeeded"
"ExcelLongEscaped","Before","20","26.0467","Succeeded"
"ExcelLongEscaped","After","20","12.6919","Succeeded"
"ExcelLongMarkup","Before","20","58.9159","Succeeded"
"ExcelLongMarkup","After","20","67.0897","Succeeded"
"ExcelLongPlain","Before","20","11.2662","Succeeded"
"ExcelLongPlain","After","20","10.9048","Succeeded"
"ExcelShortPlain","Before","20","3.8482","Succeeded"
"ExcelShortPlain","After","20","3.0956","Succeeded"
"ExcelDefaultLongEscaped","Before","20","20.9379","Succeeded"
"ExcelDefaultLongEscaped","After","20","20.3724","Succeeded"
"ExcelDefaultLongPlain","Before","20","14.2428","Succeeded"
"ExcelDefaultLongPlain","After","20","15.192","Succeeded"
"ExcelLongMarkup","After","21","60.9625","Succeeded"
"ExcelLongMarkup","Before","21","68.3437","Succeeded"
"ExcelLongPlain","After","21","11.1274","Succeeded"
"ExcelLongPlain","Before","21","11.9413","Succeeded"
"ExcelShortPlain","After","21","6.3563","Succeeded"
"ExcelShortPlain","Before","21","4.3057","Succeeded"
"ExcelDefaultLongEscaped","After","21","15.4493","Succeeded"
"ExcelDefaultLongEscaped","Before","21","19.8776","Succeeded"
"ExcelDefaultLongPlain","After","21","11.4441","Succeeded"
"ExcelDefaultLongPlain","Before","21","18.2958","Succeeded"
"ExcelLongEscaped","After","21","15.5771","Succeeded"
"ExcelLongEscaped","Before","21","22.3507","Succeeded"
"ExcelLongPlain","Before","22","11.1141","Succeeded"
"ExcelLongPlain","After","22","9.5137","Succeeded"
"ExcelShortPlain","Before","22","3.4457","Succeeded"
"ExcelShortPlain","After","22","10.9208","Succeeded"
"ExcelDefaultLongEscaped","Before","22","23.2343","Succeeded"
"ExcelDefaultLongEscaped","After","22","13.8267","Succeeded"
"ExcelDefaultLongPlain","Before","22","11.6948","Succeeded"
"ExcelDefaultLongPlain","After","22","10.7751","Succeeded"
"ExcelLongEscaped","Before","22","19.074","Succeeded"
"ExcelLongEscaped","After","22","11.7641","Succeeded"
"ExcelLongMarkup","Before","22","71.4747","Succeeded"
"ExcelLongMarkup","After","22","65.2333","Succeeded"
"ExcelShortPlain","After","23","3.3165","Succeeded"
"ExcelShortPlain","Before","23","3.8422","Succeeded"
"ExcelDefaultLongEscaped","After","23","13.728","Succeeded"
"ExcelDefaultLongEscaped","Before","23","27.9924","Succeeded"
"ExcelDefaultLongPlain","After","23","14.4802","Succeeded"
"ExcelDefaultLongPlain","Before","23","11.2008","Succeeded"
"ExcelLongEscaped","After","23","12.1922","Succeeded"
"ExcelLongEscaped","Before","23","22.2871","Succeeded"
"ExcelLongMarkup","After","23","66.943","Succeeded"
"ExcelLongMarkup","Before","23","71.7697","Succeeded"
"ExcelLongPlain","After","23","15.5975","Succeeded"
"ExcelLongPlain","Before","23","10.6704","Succeeded"
