RowCount,ArtifactKind,Workload,Category,Scenario,Library,MeanMilliseconds,MedianMilliseconds,StandardDeviationMilliseconds,StandardErrorMilliseconds,RatioToOfficeIMO,RatioToBest,BestLibrary,Outcome,MeanAllocatedBytes,MedianAllocatedBytes,AllocatedRatioToOfficeIMO,PackageBytes,PackageRatioToOfficeIMO,WorksheetCompressedBytes,SharedStringsCompressedBytes,StylesCompressedBytes,TablesCompressedBytes,WorksheetRowCount,WorksheetCellCount,SharedStringCount,UniqueSharedStringCount,CellStyleCount,OutputMetric,Notes,ArtifactPath
25000,speed-comparison,read,Typed object read,read-objects-stream,OfficeIMO.Excel,25.256578,24.474800,1.828721,0.609574,1.000000,1.000000,OfficeIMO.Excel,Win,2082472.000000,2081568.000000,1.000000,,,,,,,,,,,,-257963401,Streaming typed scan with ReadObjectsStream<T>.,Docs/benchmarks/excel-readme-2026-09-28/b2/officeimo.excel.comparison-speed-25000.json
25000,speed-comparison,read,Typed object read,read-objects-stream,Sylvan.Data.Excel,42.937744,41.722400,2.510709,0.836903,1.700062,1.700062,OfficeIMO.Excel,70.0% slower than OfficeIMO,2199958.222222,2200880.000000,1.056417,,,,,,,,,,,,-257963401,Forward-only typed scan from DbDataReader.,Docs/benchmarks/excel-readme-2026-09-28/b2/officeimo.excel.comparison-speed-25000.json
25000,speed-comparison,read,Typed object read,read-objects-stream,ExcelDataReader,105.275644,104.624400,7.954601,2.651534,4.168247,4.168247,OfficeIMO.Excel,316.8% slower than OfficeIMO,44536807.111111,44537720.000000,21.386509,,,,,,,,,,,,-257963401,Forward-only typed scan from IExcelDataReader.,Docs/benchmarks/excel-readme-2026-09-28/b2/officeimo.excel.comparison-speed-25000.json
25000,speed-comparison,read,Typed object read,read-objects-stream,MiniExcel,130.624511,128.930400,6.070958,2.023653,5.171901,5.171901,OfficeIMO.Excel,417.2% slower than OfficeIMO,183859560.888889,183858648.000000,88.289091,,,,,,,,,,,,-257963401,Streaming typed scan through deferred Query<T> from the same worksheet rows.,Docs/benchmarks/excel-readme-2026-09-28/b2/officeimo.excel.comparison-speed-25000.json
25000,speed-comparison,read,Typed object read,read-objects-stream,EPPlus,240.576322,241.628700,8.657218,2.885739,9.525294,9.525294,OfficeIMO.Excel,852.5% slower than OfficeIMO,187463208.000000,187463208.000000,90.019558,,,,,,,,,,,,-257963401,Manual row-by-row typed scan from the same worksheet rows.,Docs/benchmarks/excel-readme-2026-09-28/b2/officeimo.excel.comparison-speed-25000.json
25000,speed-comparison,read,Typed object read,read-objects-stream,ClosedXML,344.656978,343.015100,13.884561,4.628187,13.646226,13.646226,OfficeIMO.Excel,1264.6% slower than OfficeIMO,200419913.777778,200419776.000000,96.241349,,,,,,,,,,,,-257963401,Manual row-by-row typed scan from the same worksheet rows.,Docs/benchmarks/excel-readme-2026-09-28/b2/officeimo.excel.comparison-speed-25000.json
25000,speed-comparison,other,Real-world report,realworld-report-all-in-one,OfficeIMO.Excel,39.778922,39.557200,1.386889,0.462296,1.000000,1.000000,OfficeIMO.Excel,Win,16980730.666667,16981168.000000,1.000000,,,,,,,,,,,,1412753,"Create a sales workbook with table, AutoFit, freeze panes, filters, conditional formatting, pivot table, chart, and save.",Docs/benchmarks/excel-readme-2026-09-28/b2/officeimo.excel.comparison-speed-25000.json
25000,speed-comparison,other,Real-world report,realworld-report-all-in-one,EPPlus,478.578811,472.660200,19.241577,6.413859,12.030965,12.030965,OfficeIMO.Excel,1103.1% slower than OfficeIMO,298822680.000000,298822792.000000,17.597752,,,,,,,,,,,,1124174,"Create a sales workbook with table, AutoFit, freeze panes, filters, conditional formatting, pivot table, chart, and save.",Docs/benchmarks/excel-readme-2026-09-28/b2/officeimo.excel.comparison-speed-25000.json
25000,speed-comparison,write,DataTable table export,write-datareader-compact-package,OfficeIMO.Excel,21.601756,21.406100,1.632712,0.544237,1.000000,1.000000,OfficeIMO.Excel,Win,6206664.000000,6206664.000000,1.000000,,,,,,,,,,,,708750,Write a compact contiguous package through the package-native OfficeIMO DataReader API.,Docs/benchmarks/excel-readme-2026-09-28/b2/officeimo.excel.comparison-speed-25000.json
25000,speed-comparison,write,DataTable table export,write-datareader-compact-package,SpreadCheetah,23.118367,22.833400,1.861475,0.620492,1.070208,1.070208,OfficeIMO.Excel,7.0% slower than OfficeIMO,5674952.000000,5674952.000000,0.914332,,,,,,,,,,,,759076,Stream the same reader as compact forward-only typed worksheet rows.,Docs/benchmarks/excel-readme-2026-09-28/b2/officeimo.excel.comparison-speed-25000.json
25000,speed-comparison,write,DataTable table export,write-datareader-compact-package,LargeXlsx,28.584522,28.401300,1.860280,0.620093,1.323250,1.323250,OfficeIMO.Excel,32.3% slower than OfficeIMO,5739120.000000,5739120.000000,0.924671,,,,,,,,,,,,727107,Stream the same reader with cell references disabled.,Docs/benchmarks/excel-readme-2026-09-28/b2/officeimo.excel.comparison-speed-25000.json
25000,speed-comparison,write,DataTable table export,write-datareader-compact-package,Sylvan.Data.Excel,30.899256,31.028600,2.037994,0.679331,1.430405,1.430405,OfficeIMO.Excel,43.0% slower than OfficeIMO,5830032.000000,5830032.000000,0.939318,,,,,,,,,,,,773563,Stream the same reader using implicit contiguous cell positions.,Docs/benchmarks/excel-readme-2026-09-28/b2/officeimo.excel.comparison-speed-25000.json
25000,speed-comparison,write,DataTable table export,write-datareader-table,OfficeIMO.Excel,21.178700,21.335000,1.736884,0.578961,1.000000,1.000000,OfficeIMO.Excel,Win,6221944.000000,6221944.000000,1.000000,,,,,,,,,,,,709586,Stream a DataTable-backed IDataReader as a styled table through the package-native API and save.,Docs/benchmarks/excel-readme-2026-09-28/b2/officeimo.excel.comparison-speed-25000.json
25000,speed-comparison,write,DataTable table export,write-datareader-table,EPPlus,324.392122,326.117400,9.836780,3.278927,15.316904,15.316904,OfficeIMO.Excel,1431.7% slower than OfficeIMO,120207457.777778,120207664.000000,19.319920,,,,,,,,,,,,1117051,Import the same prepared data as a styled worksheet table and save.,Docs/benchmarks/excel-readme-2026-09-28/b2/officeimo.excel.comparison-speed-25000.json
25000,speed-comparison,write,DataTable table export,write-datareader-table,ClosedXML,381.098411,380.749400,16.673176,5.557725,17.994419,17.994419,OfficeIMO.Excel,1699.4% slower than OfficeIMO,177555226.666667,177554560.000000,28.536937,,,,,,,,,,,,1168107,Import the same prepared data as a styled worksheet table and save.,Docs/benchmarks/excel-readme-2026-09-28/b2/officeimo.excel.comparison-speed-25000.json
