"classification","lane","runId","domain","namespace","type","method","parameters","fullName","captureSource","ownerExcelVersion","ownerExcelSha256","ownerCoreVersion","ownerCoreSha256","harnessSha256","runnerSha256","referenceImportSha256","sampleCount","meanMs","sdMs","allocatedBytes","allocationScope","minimumActualIterationMs","maximumActualIterationMs"
"historical-exploratory","36df-generated-real","stable36df-domain0-generated","0","OfficeIMO.Excel.ReaderComparison.Benchmarks","BorrowedRefStructReadBenchmarks","ExcelReaderMappedRefStruct","RowCount=50000","OfficeIMO.Excel.ReaderComparison.Benchmarks.BorrowedRefStructReadBenchmarks.ExcelReaderMappedRefStruct(RowCount: 50000)","36df28c4abc6a4c4371e09e26a5e40e0c07d30d2","3.4.4+36df28c4abc6a4c4371e09e26a5e40e0c07d30d2","A1F0BE7B8009B53FF2995867E0A98F58D093D6BE7734BB5D038A5CD67BBC9122","3.4.4+36df28c4abc6a4c4371e09e26a5e40e0c07d30d2","120ED0E03AAB955707610B90625DF19282DB1FE4DDF2922729BC1C45A1C9926E","04895AF9FF1FCF2492537A4ABD091088FC857CD496D30AAD6639D13CA9AB541D",,,"10","9,2574325","1,208138469002921","5176","Native managed bytes allocated per benchmark operation; not peak/retained/unmanaged memory","30,6399","44,1711"
"historical-exploratory","36df-generated-real","stable36df-domain0-generated","0","OfficeIMO.Excel.ReaderComparison.Benchmarks","BorrowedRefStructReadBenchmarks","OfficeIMOFactoryRefStruct","RowCount=50000","OfficeIMO.Excel.ReaderComparison.Benchmarks.BorrowedRefStructReadBenchmarks.OfficeIMOFactoryRefStruct(RowCount: 50000)","36df28c4abc6a4c4371e09e26a5e40e0c07d30d2","3.4.4+36df28c4abc6a4c4371e09e26a5e40e0c07d30d2","A1F0BE7B8009B53FF2995867E0A98F58D093D6BE7734BB5D038A5CD67BBC9122","3.4.4+36df28c4abc6a4c4371e09e26a5e40e0c07d30d2","120ED0E03AAB955707610B90625DF19282DB1FE4DDF2922729BC1C45A1C9926E","04895AF9FF1FCF2492537A4ABD091088FC857CD496D30AAD6639D13CA9AB541D",,,"10","11,418855","1,758643269516779","79512","Native managed bytes allocated per benchmark operation; not peak/retained/unmanaged memory","39,3224","58,1739"
"historical-exploratory","36df-generated-real","stable36df-domain0-generated","0","OfficeIMO.Excel.ReaderComparison.Benchmarks","MaterializedRawAsyncReadBenchmarks","ExcelReaderStringsMaterializedAsync","RowCount=50000&Format=Xlsx","OfficeIMO.Excel.ReaderComparison.Benchmarks.MaterializedRawAsyncReadBenchmarks.ExcelReaderStringsMaterializedAsync(RowCount: 50000, Format: Xlsx)","36df28c4abc6a4c4371e09e26a5e40e0c07d30d2","3.4.4+36df28c4abc6a4c4371e09e26a5e40e0c07d30d2","A1F0BE7B8009B53FF2995867E0A98F58D093D6BE7734BB5D038A5CD67BBC9122","3.4.4+36df28c4abc6a4c4371e09e26a5e40e0c07d30d2","120ED0E03AAB955707610B90625DF19282DB1FE4DDF2922729BC1C45A1C9926E","04895AF9FF1FCF2492537A4ABD091088FC857CD496D30AAD6639D13CA9AB541D",,,"10","13,1197175","3,6213246171894755","1653984","Native managed bytes allocated per benchmark operation; not peak/retained/unmanaged memory","38,4566","77,4658"
"historical-exploratory","36df-generated-real","stable36df-domain0-generated","0","OfficeIMO.Excel.ReaderComparison.Benchmarks","MaterializedRawAsyncReadBenchmarks","OfficeIMOAsync","RowCount=50000&Format=Xlsx","OfficeIMO.Excel.ReaderComparison.Benchmarks.MaterializedRawAsyncReadBenchmarks.OfficeIMOAsync(RowCount: 50000, Format: Xlsx)","36df28c4abc6a4c4371e09e26a5e40e0c07d30d2","3.4.4+36df28c4abc6a4c4371e09e26a5e40e0c07d30d2","A1F0BE7B8009B53FF2995867E0A98F58D093D6BE7734BB5D038A5CD67BBC9122","3.4.4+36df28c4abc6a4c4371e09e26a5e40e0c07d30d2","120ED0E03AAB955707610B90625DF19282DB1FE4DDF2922729BC1C45A1C9926E","04895AF9FF1FCF2492537A4ABD091088FC857CD496D30AAD6639D13CA9AB541D",,,"10","16,67458","8,357823910404749","3678730","Native managed bytes allocated per benchmark operation; not peak/retained/unmanaged memory","46,0606","159,0125"
"historical-exploratory","36df-generated-real","stable36df-domain0-generated","0","OfficeIMO.Excel.ReaderComparison.Benchmarks","MaterializedRawAsyncReadBenchmarks","SylvanAsync","RowCount=50000&Format=Xlsx","OfficeIMO.Excel.ReaderComparison.Benchmarks.MaterializedRawAsyncReadBenchmarks.SylvanAsync(RowCount: 50000, Format: Xlsx)","36df28c4abc6a4c4371e09e26a5e40e0c07d30d2","3.4.4+36df28c4abc6a4c4371e09e26a5e40e0c07d30d2","A1F0BE7B8009B53FF2995867E0A98F58D093D6BE7734BB5D038A5CD67BBC9122","3.4.4+36df28c4abc6a4c4371e09e26a5e40e0c07d30d2","120ED0E03AAB955707610B90625DF19282DB1FE4DDF2922729BC1C45A1C9926E","04895AF9FF1FCF2492537A4ABD091088FC857CD496D30AAD6639D13CA9AB541D",,,"10","35,99411","4,051660302137466","1986484","Native managed bytes allocated per benchmark operation; not peak/retained/unmanaged memory","118,0616","168,4988"
"historical-exploratory","36df-generated-real","stable36df-domain0-generated","0","OfficeIMO.Excel.ReaderComparison.Benchmarks","MaterializedRawAsyncReadBenchmarks","ExcelReaderStringsMaterializedAsync","RowCount=50000&Format=Xlsb","OfficeIMO.Excel.ReaderComparison.Benchmarks.MaterializedRawAsyncReadBenchmarks.ExcelReaderStringsMaterializedAsync(RowCount: 50000, Format: Xlsb)","36df28c4abc6a4c4371e09e26a5e40e0c07d30d2","3.4.4+36df28c4abc6a4c4371e09e26a5e40e0c07d30d2","A1F0BE7B8009B53FF2995867E0A98F58D093D6BE7734BB5D038A5CD67BBC9122","3.4.4+36df28c4abc6a4c4371e09e26a5e40e0c07d30d2","120ED0E03AAB955707610B90625DF19282DB1FE4DDF2922729BC1C45A1C9926E","04895AF9FF1FCF2492537A4ABD091088FC857CD496D30AAD6639D13CA9AB541D",,,"10","5,8833675","0,7906868443576621","1654304","Native managed bytes allocated per benchmark operation; not peak/retained/unmanaged memory","19,6885","28,7213"
"historical-exploratory","36df-generated-real","stable36df-domain0-generated","0","OfficeIMO.Excel.ReaderComparison.Benchmarks","MaterializedRawAsyncReadBenchmarks","OfficeIMOAsync","RowCount=50000&Format=Xlsb","OfficeIMO.Excel.ReaderComparison.Benchmarks.MaterializedRawAsyncReadBenchmarks.OfficeIMOAsync(RowCount: 50000, Format: Xlsb)","36df28c4abc6a4c4371e09e26a5e40e0c07d30d2","3.4.4+36df28c4abc6a4c4371e09e26a5e40e0c07d30d2","A1F0BE7B8009B53FF2995867E0A98F58D093D6BE7734BB5D038A5CD67BBC9122","3.4.4+36df28c4abc6a4c4371e09e26a5e40e0c07d30d2","120ED0E03AAB955707610B90625DF19282DB1FE4DDF2922729BC1C45A1C9926E","04895AF9FF1FCF2492537A4ABD091088FC857CD496D30AAD6639D13CA9AB541D",,,"10","14,4185725","1,823998144204785","7023090","Native managed bytes allocated per benchmark operation; not peak/retained/unmanaged memory","51,8573","77,0868"
"historical-exploratory","36df-generated-real","stable36df-domain0-generated","0","OfficeIMO.Excel.ReaderComparison.Benchmarks","MaterializedRawAsyncReadBenchmarks","SylvanAsync","RowCount=50000&Format=Xlsb","OfficeIMO.Excel.ReaderComparison.Benchmarks.MaterializedRawAsyncReadBenchmarks.SylvanAsync(RowCount: 50000, Format: Xlsb)","36df28c4abc6a4c4371e09e26a5e40e0c07d30d2","3.4.4+36df28c4abc6a4c4371e09e26a5e40e0c07d30d2","A1F0BE7B8009B53FF2995867E0A98F58D093D6BE7734BB5D038A5CD67BBC9122","3.4.4+36df28c4abc6a4c4371e09e26a5e40e0c07d30d2","120ED0E03AAB955707610B90625DF19282DB1FE4DDF2922729BC1C45A1C9926E","04895AF9FF1FCF2492537A4ABD091088FC857CD496D30AAD6639D13CA9AB541D",,,"10","11,8191875","7,611369206939069","1911356","Native managed bytes allocated per benchmark operation; not peak/retained/unmanaged memory","28,0448","110,7331"
"historical-exploratory","36df-generated-real","stable36df-domain0-generated","0","OfficeIMO.Excel.ReaderComparison.Benchmarks","MaterializedRawAsyncReadBenchmarks","ExcelReaderStringsMaterializedAsync","RowCount=50000&Format=Xls","OfficeIMO.Excel.ReaderComparison.Benchmarks.MaterializedRawAsyncReadBenchmarks.ExcelReaderStringsMaterializedAsync(RowCount: 50000, Format: Xls)","36df28c4abc6a4c4371e09e26a5e40e0c07d30d2","3.4.4+36df28c4abc6a4c4371e09e26a5e40e0c07d30d2","A1F0BE7B8009B53FF2995867E0A98F58D093D6BE7734BB5D038A5CD67BBC9122","3.4.4+36df28c4abc6a4c4371e09e26a5e40e0c07d30d2","120ED0E03AAB955707610B90625DF19282DB1FE4DDF2922729BC1C45A1C9926E","04895AF9FF1FCF2492537A4ABD091088FC857CD496D30AAD6639D13CA9AB541D",,,"10","4,7360575","0,7367048382879974","1652976","Native managed bytes allocated per benchmark operation; not peak/retained/unmanaged memory","13,6487","22,1962"
"historical-exploratory","36df-generated-real","stable36df-domain0-generated","0","OfficeIMO.Excel.ReaderComparison.Benchmarks","MaterializedRawAsyncReadBenchmarks","OfficeIMOAsync","RowCount=50000&Format=Xls","OfficeIMO.Excel.ReaderComparison.Benchmarks.MaterializedRawAsyncReadBenchmarks.OfficeIMOAsync(RowCount: 50000, Format: Xls)","36df28c4abc6a4c4371e09e26a5e40e0c07d30d2","3.4.4+36df28c4abc6a4c4371e09e26a5e40e0c07d30d2","A1F0BE7B8009B53FF2995867E0A98F58D093D6BE7734BB5D038A5CD67BBC9122","3.4.4+36df28c4abc6a4c4371e09e26a5e40e0c07d30d2","120ED0E03AAB955707610B90625DF19282DB1FE4DDF2922729BC1C45A1C9926E","04895AF9FF1FCF2492537A4ABD091088FC857CD496D30AAD6639D13CA9AB541D",,,"10","6,3200575","0,9787976027908767","10751342","Native managed bytes allocated per benchmark operation; not peak/retained/unmanaged memory","21,663","33,1162"
"historical-exploratory","36df-generated-real","stable36df-domain0-generated","0","OfficeIMO.Excel.ReaderComparison.Benchmarks","MaterializedRawAsyncReadBenchmarks","SylvanAsync","RowCount=50000&Format=Xls","OfficeIMO.Excel.ReaderComparison.Benchmarks.MaterializedRawAsyncReadBenchmarks.SylvanAsync(RowCount: 50000, Format: Xls)","36df28c4abc6a4c4371e09e26a5e40e0c07d30d2","3.4.4+36df28c4abc6a4c4371e09e26a5e40e0c07d30d2","A1F0BE7B8009B53FF2995867E0A98F58D093D6BE7734BB5D038A5CD67BBC9122","3.4.4+36df28c4abc6a4c4371e09e26a5e40e0c07d30d2","120ED0E03AAB955707610B90625DF19282DB1FE4DDF2922729BC1C45A1C9926E","04895AF9FF1FCF2492537A4ABD091088FC857CD496D30AAD6639D13CA9AB541D",,,"10","10,343215","6,440419982662881","1760340","Native managed bytes allocated per benchmark operation; not peak/retained/unmanaged memory","20,7365","91,1408"
"historical-exploratory","36df-generated-real","stable36df-domain0-generated","0","OfficeIMO.Excel.ReaderComparison.Benchmarks","MaterializedRawReadBenchmarks","ExcelReaderStringsMaterialized","RowCount=50000&Format=Xlsx","OfficeIMO.Excel.ReaderComparison.Benchmarks.MaterializedRawReadBenchmarks.ExcelReaderStringsMaterialized(RowCount: 50000, Format: Xlsx)","36df28c4abc6a4c4371e09e26a5e40e0c07d30d2","3.4.4+36df28c4abc6a4c4371e09e26a5e40e0c07d30d2","A1F0BE7B8009B53FF2995867E0A98F58D093D6BE7734BB5D038A5CD67BBC9122","3.4.4+36df28c4abc6a4c4371e09e26a5e40e0c07d30d2","120ED0E03AAB955707610B90625DF19282DB1FE4DDF2922729BC1C45A1C9926E","04895AF9FF1FCF2492537A4ABD091088FC857CD496D30AAD6639D13CA9AB541D",,,"10","8,7879425","3,0285041897098766","1653912","Native managed bytes allocated per benchmark operation; not peak/retained/unmanaged memory","26,1992","52,6542"
"historical-exploratory","36df-generated-real","stable36df-domain0-generated","0","OfficeIMO.Excel.ReaderComparison.Benchmarks","MaterializedRawReadBenchmarks","OfficeIMOOriginal","RowCount=50000&Format=Xlsx","OfficeIMO.Excel.ReaderComparison.Benchmarks.MaterializedRawReadBenchmarks.OfficeIMOOriginal(RowCount: 50000, Format: Xlsx)","36df28c4abc6a4c4371e09e26a5e40e0c07d30d2","3.4.4+36df28c4abc6a4c4371e09e26a5e40e0c07d30d2","A1F0BE7B8009B53FF2995867E0A98F58D093D6BE7734BB5D038A5CD67BBC9122","3.4.4+36df28c4abc6a4c4371e09e26a5e40e0c07d30d2","120ED0E03AAB955707610B90625DF19282DB1FE4DDF2922729BC1C45A1C9926E","04895AF9FF1FCF2492537A4ABD091088FC857CD496D30AAD6639D13CA9AB541D",,,"10","22,63281","14,915207484277769","3678482","Native managed bytes allocated per benchmark operation; not peak/retained/unmanaged memory","49,0651","218,7746"
"historical-exploratory","36df-generated-real","stable36df-domain0-generated","0","OfficeIMO.Excel.ReaderComparison.Benchmarks","MaterializedRawReadBenchmarks","Sylvan","RowCount=50000&Format=Xlsx","OfficeIMO.Excel.ReaderComparison.Benchmarks.MaterializedRawReadBenchmarks.Sylvan(RowCount: 50000, Format: Xlsx)","36df28c4abc6a4c4371e09e26a5e40e0c07d30d2","3.4.4+36df28c4abc6a4c4371e09e26a5e40e0c07d30d2","A1F0BE7B8009B53FF2995867E0A98F58D093D6BE7734BB5D038A5CD67BBC9122","3.4.4+36df28c4abc6a4c4371e09e26a5e40e0c07d30d2","120ED0E03AAB955707610B90625DF19282DB1FE4DDF2922729BC1C45A1C9926E","04895AF9FF1FCF2492537A4ABD091088FC857CD496D30AAD6639D13CA9AB541D",,,"10","39,74177","9,38844734565809","1985536","Native managed bytes allocated per benchmark operation; not peak/retained/unmanaged memory","114,3798","224,2259"
"historical-exploratory","36df-generated-real","stable36df-domain0-generated","0","OfficeIMO.Excel.ReaderComparison.Benchmarks","MaterializedRawReadBenchmarks","ExcelReaderStringsMaterialized","RowCount=50000&Format=Xlsb","OfficeIMO.Excel.ReaderComparison.Benchmarks.MaterializedRawReadBenchmarks.ExcelReaderStringsMaterialized(RowCount: 50000, Format: Xlsb)","36df28c4abc6a4c4371e09e26a5e40e0c07d30d2","3.4.4+36df28c4abc6a4c4371e09e26a5e40e0c07d30d2","A1F0BE7B8009B53FF2995867E0A98F58D093D6BE7734BB5D038A5CD67BBC9122","3.4.4+36df28c4abc6a4c4371e09e26a5e40e0c07d30d2","120ED0E03AAB955707610B90625DF19282DB1FE4DDF2922729BC1C45A1C9926E","04895AF9FF1FCF2492537A4ABD091088FC857CD496D30AAD6639D13CA9AB541D",,,"10","5,9916275","0,8775314781628444","1654232","Native managed bytes allocated per benchmark operation; not peak/retained/unmanaged memory","19,9867","28,9267"
"historical-exploratory","36df-generated-real","stable36df-domain0-generated","0","OfficeIMO.Excel.ReaderComparison.Benchmarks","MaterializedRawReadBenchmarks","OfficeIMOOriginal","RowCount=50000&Format=Xlsb","OfficeIMO.Excel.ReaderComparison.Benchmarks.MaterializedRawReadBenchmarks.OfficeIMOOriginal(RowCount: 50000, Format: Xlsb)","36df28c4abc6a4c4371e09e26a5e40e0c07d30d2","3.4.4+36df28c4abc6a4c4371e09e26a5e40e0c07d30d2","A1F0BE7B8009B53FF2995867E0A98F58D093D6BE7734BB5D038A5CD67BBC9122","3.4.4+36df28c4abc6a4c4371e09e26a5e40e0c07d30d2","120ED0E03AAB955707610B90625DF19282DB1FE4DDF2922729BC1C45A1C9926E","04895AF9FF1FCF2492537A4ABD091088FC857CD496D30AAD6639D13CA9AB541D",,,"10","10,3576","1,200075432640706","7023018","Native managed bytes allocated per benchmark operation; not peak/retained/unmanaged memory","36,623","51,8944"
"historical-exploratory","36df-generated-real","stable36df-domain0-generated","0","OfficeIMO.Excel.ReaderComparison.Benchmarks","MaterializedRawReadBenchmarks","Sylvan","RowCount=50000&Format=Xlsb","OfficeIMO.Excel.ReaderComparison.Benchmarks.MaterializedRawReadBenchmarks.Sylvan(RowCount: 50000, Format: Xlsb)","36df28c4abc6a4c4371e09e26a5e40e0c07d30d2","3.4.4+36df28c4abc6a4c4371e09e26a5e40e0c07d30d2","A1F0BE7B8009B53FF2995867E0A98F58D093D6BE7734BB5D038A5CD67BBC9122","3.4.4+36df28c4abc6a4c4371e09e26a5e40e0c07d30d2","120ED0E03AAB955707610B90625DF19282DB1FE4DDF2922729BC1C45A1C9926E","04895AF9FF1FCF2492537A4ABD091088FC857CD496D30AAD6639D13CA9AB541D",,,"10","14,57439","2,2261890673690794","1910428","Native managed bytes allocated per benchmark operation; not peak/retained/unmanaged memory","50,8632","74,3626"
"historical-exploratory","36df-generated-real","stable36df-domain0-generated","0","OfficeIMO.Excel.ReaderComparison.Benchmarks","MaterializedRawReadBenchmarks","ExcelReaderStringsMaterialized","RowCount=50000&Format=Xls","OfficeIMO.Excel.ReaderComparison.Benchmarks.MaterializedRawReadBenchmarks.ExcelReaderStringsMaterialized(RowCount: 50000, Format: Xls)","36df28c4abc6a4c4371e09e26a5e40e0c07d30d2","3.4.4+36df28c4abc6a4c4371e09e26a5e40e0c07d30d2","A1F0BE7B8009B53FF2995867E0A98F58D093D6BE7734BB5D038A5CD67BBC9122","3.4.4+36df28c4abc6a4c4371e09e26a5e40e0c07d30d2","120ED0E03AAB955707610B90625DF19282DB1FE4DDF2922729BC1C45A1C9926E","04895AF9FF1FCF2492537A4ABD091088FC857CD496D30AAD6639D13CA9AB541D",,,"10","5,02797","0,7101912672536415","1652904","Native managed bytes allocated per benchmark operation; not peak/retained/unmanaged memory","13,3176","23,5231"
"historical-exploratory","36df-generated-real","stable36df-domain0-generated","0","OfficeIMO.Excel.ReaderComparison.Benchmarks","MaterializedRawReadBenchmarks","OfficeIMOOriginal","RowCount=50000&Format=Xls","OfficeIMO.Excel.ReaderComparison.Benchmarks.MaterializedRawReadBenchmarks.OfficeIMOOriginal(RowCount: 50000, Format: Xls)","36df28c4abc6a4c4371e09e26a5e40e0c07d30d2","3.4.4+36df28c4abc6a4c4371e09e26a5e40e0c07d30d2","A1F0BE7B8009B53FF2995867E0A98F58D093D6BE7734BB5D038A5CD67BBC9122","3.4.4+36df28c4abc6a4c4371e09e26a5e40e0c07d30d2","120ED0E03AAB955707610B90625DF19282DB1FE4DDF2922729BC1C45A1C9926E","04895AF9FF1FCF2492537A4ABD091088FC857CD496D30AAD6639D13CA9AB541D",,,"10","8,425185","1,2425056217847334","10751366","Native managed bytes allocated per benchmark operation; not peak/retained/unmanaged memory","26,238","39,8641"
"historical-exploratory","36df-generated-real","stable36df-domain0-generated","0","OfficeIMO.Excel.ReaderComparison.Benchmarks","MaterializedRawReadBenchmarks","Sylvan","RowCount=50000&Format=Xls","OfficeIMO.Excel.ReaderComparison.Benchmarks.MaterializedRawReadBenchmarks.Sylvan(RowCount: 50000, Format: Xls)","36df28c4abc6a4c4371e09e26a5e40e0c07d30d2","3.4.4+36df28c4abc6a4c4371e09e26a5e40e0c07d30d2","A1F0BE7B8009B53FF2995867E0A98F58D093D6BE7734BB5D038A5CD67BBC9122","3.4.4+36df28c4abc6a4c4371e09e26a5e40e0c07d30d2","120ED0E03AAB955707610B90625DF19282DB1FE4DDF2922729BC1C45A1C9926E","04895AF9FF1FCF2492537A4ABD091088FC857CD496D30AAD6639D13CA9AB541D",,,"10","7,5823525","1,5688343060325785","1759028","Native managed bytes allocated per benchmark operation; not peak/retained/unmanaged memory","20,7688","41,9889"
"historical-exploratory","36df-generated-real","stable36df-domain0-generated","0","OfficeIMO.Excel.ReaderComparison.Benchmarks","RawAsyncReadBenchmarks","ExcelReaderAsync","RowCount=50000&Format=Xlsx","OfficeIMO.Excel.ReaderComparison.Benchmarks.RawAsyncReadBenchmarks.ExcelReaderAsync(RowCount: 50000, Format: Xlsx)","36df28c4abc6a4c4371e09e26a5e40e0c07d30d2","3.4.4+36df28c4abc6a4c4371e09e26a5e40e0c07d30d2","A1F0BE7B8009B53FF2995867E0A98F58D093D6BE7734BB5D038A5CD67BBC9122","3.4.4+36df28c4abc6a4c4371e09e26a5e40e0c07d30d2","120ED0E03AAB955707610B90625DF19282DB1FE4DDF2922729BC1C45A1C9926E","04895AF9FF1FCF2492537A4ABD091088FC857CD496D30AAD6639D13CA9AB541D",,,"10","13,3178425","2,5225965758147892","3984","Native managed bytes allocated per benchmark operation; not peak/retained/unmanaged memory","41,1437","69,4568"
"historical-exploratory","36df-generated-real","stable36df-domain0-generated","0","OfficeIMO.Excel.ReaderComparison.Benchmarks","RawAsyncReadBenchmarks","OfficeIMOAsync","RowCount=50000&Format=Xlsx","OfficeIMO.Excel.ReaderComparison.Benchmarks.RawAsyncReadBenchmarks.OfficeIMOAsync(RowCount: 50000, Format: Xlsx)","36df28c4abc6a4c4371e09e26a5e40e0c07d30d2","3.4.4+36df28c4abc6a4c4371e09e26a5e40e0c07d30d2","A1F0BE7B8009B53FF2995867E0A98F58D093D6BE7734BB5D038A5CD67BBC9122","3.4.4+36df28c4abc6a4c4371e09e26a5e40e0c07d30d2","120ED0E03AAB955707610B90625DF19282DB1FE4DDF2922729BC1C45A1C9926E","04895AF9FF1FCF2492537A4ABD091088FC857CD496D30AAD6639D13CA9AB541D",,,"10","19,2760275","15,376963359995557","3678650","Native managed bytes allocated per benchmark operation; not peak/retained/unmanaged memory","47,118","249,6622"
"historical-exploratory","36df-generated-real","stable36df-domain0-generated","0","OfficeIMO.Excel.ReaderComparison.Benchmarks","RawAsyncReadBenchmarks","SylvanAsync","RowCount=50000&Format=Xlsx","OfficeIMO.Excel.ReaderComparison.Benchmarks.RawAsyncReadBenchmarks.SylvanAsync(RowCount: 50000, Format: Xlsx)","36df28c4abc6a4c4371e09e26a5e40e0c07d30d2","3.4.4+36df28c4abc6a4c4371e09e26a5e40e0c07d30d2","A1F0BE7B8009B53FF2995867E0A98F58D093D6BE7734BB5D038A5CD67BBC9122","3.4.4+36df28c4abc6a4c4371e09e26a5e40e0c07d30d2","120ED0E03AAB955707610B90625DF19282DB1FE4DDF2922729BC1C45A1C9926E","04895AF9FF1FCF2492537A4ABD091088FC857CD496D30AAD6639D13CA9AB541D",,,"10","38,8331775","4,539668362829186","1986464","Native managed bytes allocated per benchmark operation; not peak/retained/unmanaged memory","129,944","175,7796"
"historical-exploratory","36df-generated-real","stable36df-domain0-generated","0","OfficeIMO.Excel.ReaderComparison.Benchmarks","RawAsyncReadBenchmarks","ExcelReaderAsync","RowCount=50000&Format=Xlsb","OfficeIMO.Excel.ReaderComparison.Benchmarks.RawAsyncReadBenchmarks.ExcelReaderAsync(RowCount: 50000, Format: Xlsb)","36df28c4abc6a4c4371e09e26a5e40e0c07d30d2","3.4.4+36df28c4abc6a4c4371e09e26a5e40e0c07d30d2","A1F0BE7B8009B53FF2995867E0A98F58D093D6BE7734BB5D038A5CD67BBC9122","3.4.4+36df28c4abc6a4c4371e09e26a5e40e0c07d30d2","120ED0E03AAB955707610B90625DF19282DB1FE4DDF2922729BC1C45A1C9926E","04895AF9FF1FCF2492537A4ABD091088FC857CD496D30AAD6639D13CA9AB541D",,,"10","5,403645","0,6373588901343837","4304","Native managed bytes allocated per benchmark operation; not peak/retained/unmanaged memory","18,0926","25,7844"
"historical-exploratory","36df-generated-real","stable36df-domain0-generated","0","OfficeIMO.Excel.ReaderComparison.Benchmarks","RawAsyncReadBenchmarks","OfficeIMOAsync","RowCount=50000&Format=Xlsb","OfficeIMO.Excel.ReaderComparison.Benchmarks.RawAsyncReadBenchmarks.OfficeIMOAsync(RowCount: 50000, Format: Xlsb)","36df28c4abc6a4c4371e09e26a5e40e0c07d30d2","3.4.4+36df28c4abc6a4c4371e09e26a5e40e0c07d30d2","A1F0BE7B8009B53FF2995867E0A98F58D093D6BE7734BB5D038A5CD67BBC9122","3.4.4+36df28c4abc6a4c4371e09e26a5e40e0c07d30d2","120ED0E03AAB955707610B90625DF19282DB1FE4DDF2922729BC1C45A1C9926E","04895AF9FF1FCF2492537A4ABD091088FC857CD496D30AAD6639D13CA9AB541D",,,"10","12,0314275","1,2758102408888807","7023090","Native managed bytes allocated per benchmark operation; not peak/retained/unmanaged memory","41,8796","55,4152"
"historical-exploratory","36df-generated-real","stable36df-domain0-generated","0","OfficeIMO.Excel.ReaderComparison.Benchmarks","RawAsyncReadBenchmarks","SylvanAsync","RowCount=50000&Format=Xlsb","OfficeIMO.Excel.ReaderComparison.Benchmarks.RawAsyncReadBenchmarks.SylvanAsync(RowCount: 50000, Format: Xlsb)","36df28c4abc6a4c4371e09e26a5e40e0c07d30d2","3.4.4+36df28c4abc6a4c4371e09e26a5e40e0c07d30d2","A1F0BE7B8009B53FF2995867E0A98F58D093D6BE7734BB5D038A5CD67BBC9122","3.4.4+36df28c4abc6a4c4371e09e26a5e40e0c07d30d2","120ED0E03AAB955707610B90625DF19282DB1FE4DDF2922729BC1C45A1C9926E","04895AF9FF1FCF2492537A4ABD091088FC857CD496D30AAD6639D13CA9AB541D",,,"10","22,53558","2,112135738213548","1911356","Native managed bytes allocated per benchmark operation; not peak/retained/unmanaged memory","73,4161","104,3876"
"historical-exploratory","36df-generated-real","stable36df-domain0-generated","0","OfficeIMO.Excel.ReaderComparison.Benchmarks","RawAsyncReadBenchmarks","ExcelReaderAsync","RowCount=50000&Format=Xls","OfficeIMO.Excel.ReaderComparison.Benchmarks.RawAsyncReadBenchmarks.ExcelReaderAsync(RowCount: 50000, Format: Xls)","36df28c4abc6a4c4371e09e26a5e40e0c07d30d2","3.4.4+36df28c4abc6a4c4371e09e26a5e40e0c07d30d2","A1F0BE7B8009B53FF2995867E0A98F58D093D6BE7734BB5D038A5CD67BBC9122","3.4.4+36df28c4abc6a4c4371e09e26a5e40e0c07d30d2","120ED0E03AAB955707610B90625DF19282DB1FE4DDF2922729BC1C45A1C9926E","04895AF9FF1FCF2492537A4ABD091088FC857CD496D30AAD6639D13CA9AB541D",,,"10","2,92099","0,4012948256719878","2976","Native managed bytes allocated per benchmark operation; not peak/retained/unmanaged memory","10,4652","15,7942"
"historical-exploratory","36df-generated-real","stable36df-domain0-generated","0","OfficeIMO.Excel.ReaderComparison.Benchmarks","RawAsyncReadBenchmarks","OfficeIMOAsync","RowCount=50000&Format=Xls","OfficeIMO.Excel.ReaderComparison.Benchmarks.RawAsyncReadBenchmarks.OfficeIMOAsync(RowCount: 50000, Format: Xls)","36df28c4abc6a4c4371e09e26a5e40e0c07d30d2","3.4.4+36df28c4abc6a4c4371e09e26a5e40e0c07d30d2","A1F0BE7B8009B53FF2995867E0A98F58D093D6BE7734BB5D038A5CD67BBC9122","3.4.4+36df28c4abc6a4c4371e09e26a5e40e0c07d30d2","120ED0E03AAB955707610B90625DF19282DB1FE4DDF2922729BC1C45A1C9926E","04895AF9FF1FCF2492537A4ABD091088FC857CD496D30AAD6639D13CA9AB541D",,,"10","6,942245","1,3763367500058503","10751438","Native managed bytes allocated per benchmark operation; not peak/retained/unmanaged memory","20,765","36,023"
"historical-exploratory","36df-generated-real","stable36df-domain0-generated","0","OfficeIMO.Excel.ReaderComparison.Benchmarks","RawAsyncReadBenchmarks","SylvanAsync","RowCount=50000&Format=Xls","OfficeIMO.Excel.ReaderComparison.Benchmarks.RawAsyncReadBenchmarks.SylvanAsync(RowCount: 50000, Format: Xls)","36df28c4abc6a4c4371e09e26a5e40e0c07d30d2","3.4.4+36df28c4abc6a4c4371e09e26a5e40e0c07d30d2","A1F0BE7B8009B53FF2995867E0A98F58D093D6BE7734BB5D038A5CD67BBC9122","3.4.4+36df28c4abc6a4c4371e09e26a5e40e0c07d30d2","120ED0E03AAB955707610B90625DF19282DB1FE4DDF2922729BC1C45A1C9926E","04895AF9FF1FCF2492537A4ABD091088FC857CD496D30AAD6639D13CA9AB541D",,,"10","8,30815","1,4907064116365918","1760340","Native managed bytes allocated per benchmark operation; not peak/retained/unmanaged memory","21,8279","39,4673"
"historical-exploratory","36df-generated-real","stable36df-domain0-generated","0","OfficeIMO.Excel.ReaderComparison.Benchmarks","RawReadBenchmarks","ExcelReaderOriginal","RowCount=50000&Format=Xlsx","OfficeIMO.Excel.ReaderComparison.Benchmarks.RawReadBenchmarks.ExcelReaderOriginal(RowCount: 50000, Format: Xlsx)","36df28c4abc6a4c4371e09e26a5e40e0c07d30d2","3.4.4+36df28c4abc6a4c4371e09e26a5e40e0c07d30d2","A1F0BE7B8009B53FF2995867E0A98F58D093D6BE7734BB5D038A5CD67BBC9122","3.4.4+36df28c4abc6a4c4371e09e26a5e40e0c07d30d2","120ED0E03AAB955707610B90625DF19282DB1FE4DDF2922729BC1C45A1C9926E","04895AF9FF1FCF2492537A4ABD091088FC857CD496D30AAD6639D13CA9AB541D",,,"10","10,0807825","3,860111465306446","3912","Native managed bytes allocated per benchmark operation; not peak/retained/unmanaged memory","22,1973","62,3066"
"historical-exploratory","36df-generated-real","stable36df-domain0-generated","0","OfficeIMO.Excel.ReaderComparison.Benchmarks","RawReadBenchmarks","OfficeIMOOriginal","RowCount=50000&Format=Xlsx","OfficeIMO.Excel.ReaderComparison.Benchmarks.RawReadBenchmarks.OfficeIMOOriginal(RowCount: 50000, Format: Xlsx)","36df28c4abc6a4c4371e09e26a5e40e0c07d30d2","3.4.4+36df28c4abc6a4c4371e09e26a5e40e0c07d30d2","A1F0BE7B8009B53FF2995867E0A98F58D093D6BE7734BB5D038A5CD67BBC9122","3.4.4+36df28c4abc6a4c4371e09e26a5e40e0c07d30d2","120ED0E03AAB955707610B90625DF19282DB1FE4DDF2922729BC1C45A1C9926E","04895AF9FF1FCF2492537A4ABD091088FC857CD496D30AAD6639D13CA9AB541D",,,"10","18,4013775","12,967658008507861","3678638","Native managed bytes allocated per benchmark operation; not peak/retained/unmanaged memory","43,7705","214,901"
"historical-exploratory","36df-generated-real","stable36df-domain0-generated","0","OfficeIMO.Excel.ReaderComparison.Benchmarks","RawReadBenchmarks","Sylvan","RowCount=50000&Format=Xlsx","OfficeIMO.Excel.ReaderComparison.Benchmarks.RawReadBenchmarks.Sylvan(RowCount: 50000, Format: Xlsx)","36df28c4abc6a4c4371e09e26a5e40e0c07d30d2","3.4.4+36df28c4abc6a4c4371e09e26a5e40e0c07d30d2","A1F0BE7B8009B53FF2995867E0A98F58D093D6BE7734BB5D038A5CD67BBC9122","3.4.4+36df28c4abc6a4c4371e09e26a5e40e0c07d30d2","120ED0E03AAB955707610B90625DF19282DB1FE4DDF2922729BC1C45A1C9926E","04895AF9FF1FCF2492537A4ABD091088FC857CD496D30AAD6639D13CA9AB541D",,,"10","33,7148475","7,585521022631519","1985536","Native managed bytes allocated per benchmark operation; not peak/retained/unmanaged memory","116,0175","218,2625"
"historical-exploratory","36df-generated-real","stable36df-domain0-generated","0","OfficeIMO.Excel.ReaderComparison.Benchmarks","RawReadBenchmarks","ExcelReaderOriginal","RowCount=50000&Format=Xlsb","OfficeIMO.Excel.ReaderComparison.Benchmarks.RawReadBenchmarks.ExcelReaderOriginal(RowCount: 50000, Format: Xlsb)","36df28c4abc6a4c4371e09e26a5e40e0c07d30d2","3.4.4+36df28c4abc6a4c4371e09e26a5e40e0c07d30d2","A1F0BE7B8009B53FF2995867E0A98F58D093D6BE7734BB5D038A5CD67BBC9122","3.4.4+36df28c4abc6a4c4371e09e26a5e40e0c07d30d2","120ED0E03AAB955707610B90625DF19282DB1FE4DDF2922729BC1C45A1C9926E","04895AF9FF1FCF2492537A4ABD091088FC857CD496D30AAD6639D13CA9AB541D",,,"10","4,746985","0,46769199684906587","4232","Native managed bytes allocated per benchmark operation; not peak/retained/unmanaged memory","17,2668","23,7479"
"historical-exploratory","36df-generated-real","stable36df-domain0-generated","0","OfficeIMO.Excel.ReaderComparison.Benchmarks","RawReadBenchmarks","OfficeIMOOriginal","RowCount=50000&Format=Xlsb","OfficeIMO.Excel.ReaderComparison.Benchmarks.RawReadBenchmarks.OfficeIMOOriginal(RowCount: 50000, Format: Xlsb)","36df28c4abc6a4c4371e09e26a5e40e0c07d30d2","3.4.4+36df28c4abc6a4c4371e09e26a5e40e0c07d30d2","A1F0BE7B8009B53FF2995867E0A98F58D093D6BE7734BB5D038A5CD67BBC9122","3.4.4+36df28c4abc6a4c4371e09e26a5e40e0c07d30d2","120ED0E03AAB955707610B90625DF19282DB1FE4DDF2922729BC1C45A1C9926E","04895AF9FF1FCF2492537A4ABD091088FC857CD496D30AAD6639D13CA9AB541D",,,"10","17,545695","2,306712569021839","7023018","Native managed bytes allocated per benchmark operation; not peak/retained/unmanaged memory","57,4229","82,1416"
"historical-exploratory","36df-generated-real","stable36df-domain0-generated","0","OfficeIMO.Excel.ReaderComparison.Benchmarks","RawReadBenchmarks","Sylvan","RowCount=50000&Format=Xlsb","OfficeIMO.Excel.ReaderComparison.Benchmarks.RawReadBenchmarks.Sylvan(RowCount: 50000, Format: Xlsb)","36df28c4abc6a4c4371e09e26a5e40e0c07d30d2","3.4.4+36df28c4abc6a4c4371e09e26a5e40e0c07d30d2","A1F0BE7B8009B53FF2995867E0A98F58D093D6BE7734BB5D038A5CD67BBC9122","3.4.4+36df28c4abc6a4c4371e09e26a5e40e0c07d30d2","120ED0E03AAB955707610B90625DF19282DB1FE4DDF2922729BC1C45A1C9926E","04895AF9FF1FCF2492537A4ABD091088FC857CD496D30AAD6639D13CA9AB541D",,,"10","16,40433","4,49889337946937","1910428","Native managed bytes allocated per benchmark operation; not peak/retained/unmanaged memory","44,1519","85,1437"
"historical-exploratory","36df-generated-real","stable36df-domain0-generated","0","OfficeIMO.Excel.ReaderComparison.Benchmarks","RawReadBenchmarks","ExcelReaderOriginal","RowCount=50000&Format=Xls","OfficeIMO.Excel.ReaderComparison.Benchmarks.RawReadBenchmarks.ExcelReaderOriginal(RowCount: 50000, Format: Xls)","36df28c4abc6a4c4371e09e26a5e40e0c07d30d2","3.4.4+36df28c4abc6a4c4371e09e26a5e40e0c07d30d2","A1F0BE7B8009B53FF2995867E0A98F58D093D6BE7734BB5D038A5CD67BBC9122","3.4.4+36df28c4abc6a4c4371e09e26a5e40e0c07d30d2","120ED0E03AAB955707610B90625DF19282DB1FE4DDF2922729BC1C45A1C9926E","04895AF9FF1FCF2492537A4ABD091088FC857CD496D30AAD6639D13CA9AB541D",,,"10","4,74191","0,2191333739605479","30982","Native managed bytes allocated per benchmark operation; not peak/retained/unmanaged memory","17,7945","20,421"
"historical-exploratory","36df-generated-real","stable36df-domain0-generated","0","OfficeIMO.Excel.ReaderComparison.Benchmarks","RawReadBenchmarks","OfficeIMOOriginal","RowCount=50000&Format=Xls","OfficeIMO.Excel.ReaderComparison.Benchmarks.RawReadBenchmarks.OfficeIMOOriginal(RowCount: 50000, Format: Xls)","36df28c4abc6a4c4371e09e26a5e40e0c07d30d2","3.4.4+36df28c4abc6a4c4371e09e26a5e40e0c07d30d2","A1F0BE7B8009B53FF2995867E0A98F58D093D6BE7734BB5D038A5CD67BBC9122","3.4.4+36df28c4abc6a4c4371e09e26a5e40e0c07d30d2","120ED0E03AAB955707610B90625DF19282DB1FE4DDF2922729BC1C45A1C9926E","04895AF9FF1FCF2492537A4ABD091088FC857CD496D30AAD6639D13CA9AB541D",,,"10","9,1603175","0,44888833178939574","11865624","Native managed bytes allocated per benchmark operation; not peak/retained/unmanaged memory","32,7183","39,3002"
"historical-exploratory","36df-generated-real","stable36df-domain0-generated","0","OfficeIMO.Excel.ReaderComparison.Benchmarks","RawReadBenchmarks","Sylvan","RowCount=50000&Format=Xls","OfficeIMO.Excel.ReaderComparison.Benchmarks.RawReadBenchmarks.Sylvan(RowCount: 50000, Format: Xls)","36df28c4abc6a4c4371e09e26a5e40e0c07d30d2","3.4.4+36df28c4abc6a4c4371e09e26a5e40e0c07d30d2","A1F0BE7B8009B53FF2995867E0A98F58D093D6BE7734BB5D038A5CD67BBC9122","3.4.4+36df28c4abc6a4c4371e09e26a5e40e0c07d30d2","120ED0E03AAB955707610B90625DF19282DB1FE4DDF2922729BC1C45A1C9926E","04895AF9FF1FCF2492537A4ABD091088FC857CD496D30AAD6639D13CA9AB541D",,,"10","9,619175","0,9986331934894258","1767268","Native managed bytes allocated per benchmark operation; not peak/retained/unmanaged memory","34,8647","45,5275"
"historical-exploratory","36df-generated-real","stable36df-domain0-generated","0","OfficeIMO.Excel.ReaderComparison.Benchmarks","TypedAsyncReadBenchmarks","OfficeIMOTypedAsync","RowCount=50000&Shape=Original","OfficeIMO.Excel.ReaderComparison.Benchmarks.TypedAsyncReadBenchmarks.OfficeIMOTypedAsync(RowCount: 50000, Shape: ""Original"")","36df28c4abc6a4c4371e09e26a5e40e0c07d30d2","3.4.4+36df28c4abc6a4c4371e09e26a5e40e0c07d30d2","A1F0BE7B8009B53FF2995867E0A98F58D093D6BE7734BB5D038A5CD67BBC9122","3.4.4+36df28c4abc6a4c4371e09e26a5e40e0c07d30d2","120ED0E03AAB955707610B90625DF19282DB1FE4DDF2922729BC1C45A1C9926E","04895AF9FF1FCF2492537A4ABD091088FC857CD496D30AAD6639D13CA9AB541D",,,"10","21,787405","2,7164955813664293","7280184","Native managed bytes allocated per benchmark operation; not peak/retained/unmanaged memory","71,5795","98,7793"
"historical-exploratory","36df-generated-real","stable36df-domain0-generated","0","OfficeIMO.Excel.ReaderComparison.Benchmarks","TypedAsyncReadBenchmarks","ExcelReaderTypedAsync","RowCount=50000&Shape=Original","OfficeIMO.Excel.ReaderComparison.Benchmarks.TypedAsyncReadBenchmarks.ExcelReaderTypedAsync(RowCount: 50000, Shape: ""Original"")","36df28c4abc6a4c4371e09e26a5e40e0c07d30d2","3.4.4+36df28c4abc6a4c4371e09e26a5e40e0c07d30d2","A1F0BE7B8009B53FF2995867E0A98F58D093D6BE7734BB5D038A5CD67BBC9122","3.4.4+36df28c4abc6a4c4371e09e26a5e40e0c07d30d2","120ED0E03AAB955707610B90625DF19282DB1FE4DDF2922729BC1C45A1C9926E","04895AF9FF1FCF2492537A4ABD091088FC857CD496D30AAD6639D13CA9AB541D",,,"10","15,185605","1,6176128520995923","4055288","Native managed bytes allocated per benchmark operation; not peak/retained/unmanaged memory","52,1085","69,878"
"historical-exploratory","36df-generated-real","stable36df-domain0-generated","0","OfficeIMO.Excel.ReaderComparison.Benchmarks","TypedAsyncReadBenchmarks","SylvanTypedAsync","RowCount=50000&Shape=Original","OfficeIMO.Excel.ReaderComparison.Benchmarks.TypedAsyncReadBenchmarks.SylvanTypedAsync(RowCount: 50000, Shape: ""Original"")","36df28c4abc6a4c4371e09e26a5e40e0c07d30d2","3.4.4+36df28c4abc6a4c4371e09e26a5e40e0c07d30d2","A1F0BE7B8009B53FF2995867E0A98F58D093D6BE7734BB5D038A5CD67BBC9122","3.4.4+36df28c4abc6a4c4371e09e26a5e40e0c07d30d2","120ED0E03AAB955707610B90625DF19282DB1FE4DDF2922729BC1C45A1C9926E","04895AF9FF1FCF2492537A4ABD091088FC857CD496D30AAD6639D13CA9AB541D",,,"10","68,530045","5,011468099530426","10984840","Native managed bytes allocated per benchmark operation; not peak/retained/unmanaged memory","223,596","293,1396"
"historical-exploratory","36df-generated-real","stable36df-domain0-generated","0","OfficeIMO.Excel.ReaderComparison.Benchmarks","TypedModelReadBenchmarks","ExcelReaderAutomatic","RowCount=50000&Model=Class","OfficeIMO.Excel.ReaderComparison.Benchmarks.TypedModelReadBenchmarks.ExcelReaderAutomatic(RowCount: 50000, Model: Class)","36df28c4abc6a4c4371e09e26a5e40e0c07d30d2","3.4.4+36df28c4abc6a4c4371e09e26a5e40e0c07d30d2","A1F0BE7B8009B53FF2995867E0A98F58D093D6BE7734BB5D038A5CD67BBC9122","3.4.4+36df28c4abc6a4c4371e09e26a5e40e0c07d30d2","120ED0E03AAB955707610B90625DF19282DB1FE4DDF2922729BC1C45A1C9926E","04895AF9FF1FCF2492537A4ABD091088FC857CD496D30AAD6639D13CA9AB541D",,,"10","12,531565","2,160114473953483","4054600","Native managed bytes allocated per benchmark operation; not peak/retained/unmanaged memory","36,8467","61,9164"
"historical-exploratory","36df-generated-real","stable36df-domain0-generated","0","OfficeIMO.Excel.ReaderComparison.Benchmarks","TypedModelReadBenchmarks","OfficeIMOAutomatic","RowCount=50000&Model=Class","OfficeIMO.Excel.ReaderComparison.Benchmarks.TypedModelReadBenchmarks.OfficeIMOAutomatic(RowCount: 50000, Model: Class)","36df28c4abc6a4c4371e09e26a5e40e0c07d30d2","3.4.4+36df28c4abc6a4c4371e09e26a5e40e0c07d30d2","A1F0BE7B8009B53FF2995867E0A98F58D093D6BE7734BB5D038A5CD67BBC9122","3.4.4+36df28c4abc6a4c4371e09e26a5e40e0c07d30d2","120ED0E03AAB955707610B90625DF19282DB1FE4DDF2922729BC1C45A1C9926E","04895AF9FF1FCF2492537A4ABD091088FC857CD496D30AAD6639D13CA9AB541D",,,"10","25,5140175","7,309047831094634","7279952","Native managed bytes allocated per benchmark operation; not peak/retained/unmanaged memory","82,5514","182,6522"
"historical-exploratory","36df-generated-real","stable36df-domain0-generated","0","OfficeIMO.Excel.ReaderComparison.Benchmarks","TypedModelReadBenchmarks","ExcelReaderAutomatic","RowCount=50000&Model=Struct","OfficeIMO.Excel.ReaderComparison.Benchmarks.TypedModelReadBenchmarks.ExcelReaderAutomatic(RowCount: 50000, Model: Struct)","36df28c4abc6a4c4371e09e26a5e40e0c07d30d2","3.4.4+36df28c4abc6a4c4371e09e26a5e40e0c07d30d2","A1F0BE7B8009B53FF2995867E0A98F58D093D6BE7734BB5D038A5CD67BBC9122","3.4.4+36df28c4abc6a4c4371e09e26a5e40e0c07d30d2","120ED0E03AAB955707610B90625DF19282DB1FE4DDF2922729BC1C45A1C9926E","04895AF9FF1FCF2492537A4ABD091088FC857CD496D30AAD6639D13CA9AB541D",,,"10","12,7757425","1,474330592393262","1655196","Native managed bytes allocated per benchmark operation; not peak/retained/unmanaged memory","41,6693","58,2954"
"historical-exploratory","36df-generated-real","stable36df-domain0-generated","0","OfficeIMO.Excel.ReaderComparison.Benchmarks","TypedModelReadBenchmarks","OfficeIMOAutomatic","RowCount=50000&Model=Struct","OfficeIMO.Excel.ReaderComparison.Benchmarks.TypedModelReadBenchmarks.OfficeIMOAutomatic(RowCount: 50000, Model: Struct)","36df28c4abc6a4c4371e09e26a5e40e0c07d30d2","3.4.4+36df28c4abc6a4c4371e09e26a5e40e0c07d30d2","A1F0BE7B8009B53FF2995867E0A98F58D093D6BE7734BB5D038A5CD67BBC9122","3.4.4+36df28c4abc6a4c4371e09e26a5e40e0c07d30d2","120ED0E03AAB955707610B90625DF19282DB1FE4DDF2922729BC1C45A1C9926E","04895AF9FF1FCF2492537A4ABD091088FC857CD496D30AAD6639D13CA9AB541D",,,"10","23,0370225","1,151890172863836","4880056","Native managed bytes allocated per benchmark operation; not peak/retained/unmanaged memory","87,2154","102,6394"
"historical-exploratory","36df-generated-real","stable36df-domain0-generated","0","OfficeIMO.Excel.ReaderComparison.Benchmarks","TypedStreamAsyncReadBenchmarks","OfficeIMOStreamOpenTypedAsync","RowCount=50000&Shape=Original","OfficeIMO.Excel.ReaderComparison.Benchmarks.TypedStreamAsyncReadBenchmarks.OfficeIMOStreamOpenTypedAsync(RowCount: 50000, Shape: ""Original"")","36df28c4abc6a4c4371e09e26a5e40e0c07d30d2","3.4.4+36df28c4abc6a4c4371e09e26a5e40e0c07d30d2","A1F0BE7B8009B53FF2995867E0A98F58D093D6BE7734BB5D038A5CD67BBC9122","3.4.4+36df28c4abc6a4c4371e09e26a5e40e0c07d30d2","120ED0E03AAB955707610B90625DF19282DB1FE4DDF2922729BC1C45A1C9926E","04895AF9FF1FCF2492537A4ABD091088FC857CD496D30AAD6639D13CA9AB541D",,,"10","622,5506275","30,737937458689927","430978584","Native managed bytes allocated per benchmark operation; not peak/retained/unmanaged memory","2348,1625","2739,3538"
"historical-exploratory","36df-generated-real","stable36df-domain0-generated","0","OfficeIMO.Excel.ReaderComparison.Benchmarks","TypedStreamAsyncReadBenchmarks","ExcelReaderStreamOpenTypedAsync","RowCount=50000&Shape=Original","OfficeIMO.Excel.ReaderComparison.Benchmarks.TypedStreamAsyncReadBenchmarks.ExcelReaderStreamOpenTypedAsync(RowCount: 50000, Shape: ""Original"")","36df28c4abc6a4c4371e09e26a5e40e0c07d30d2","3.4.4+36df28c4abc6a4c4371e09e26a5e40e0c07d30d2","A1F0BE7B8009B53FF2995867E0A98F58D093D6BE7734BB5D038A5CD67BBC9122","3.4.4+36df28c4abc6a4c4371e09e26a5e40e0c07d30d2","120ED0E03AAB955707610B90625DF19282DB1FE4DDF2922729BC1C45A1C9926E","04895AF9FF1FCF2492537A4ABD091088FC857CD496D30AAD6639D13CA9AB541D",,,"10","11,4270125","1,7970134771665058","4054712","Native managed bytes allocated per benchmark operation; not peak/retained/unmanaged memory","39,9696","63,9922"
"historical-exploratory","36df-generated-real","stable36df-domain0-generated","0","OfficeIMO.Excel.ReaderComparison.Benchmarks","TypedStreamAsyncReadBenchmarks","SylvanStreamOpenTypedAsync","RowCount=50000&Shape=Original","OfficeIMO.Excel.ReaderComparison.Benchmarks.TypedStreamAsyncReadBenchmarks.SylvanStreamOpenTypedAsync(RowCount: 50000, Shape: ""Original"")","36df28c4abc6a4c4371e09e26a5e40e0c07d30d2","3.4.4+36df28c4abc6a4c4371e09e26a5e40e0c07d30d2","A1F0BE7B8009B53FF2995867E0A98F58D093D6BE7734BB5D038A5CD67BBC9122","3.4.4+36df28c4abc6a4c4371e09e26a5e40e0c07d30d2","120ED0E03AAB955707610B90625DF19282DB1FE4DDF2922729BC1C45A1C9926E","04895AF9FF1FCF2492537A4ABD091088FC857CD496D30AAD6639D13CA9AB541D",,,"10","60,54913","6,240820397100137","10984760","Native managed bytes allocated per benchmark operation; not peak/retained/unmanaged memory","197,9571","274,0925"
"historical-exploratory","36df-generated-real","stable36df-domain0-generated","0","OfficeIMO.Excel.ReaderComparison.Benchmarks","TypedXlsbAsyncReadBenchmarks","ExcelReaderTypedXlsbAsync","RowCount=50000","OfficeIMO.Excel.ReaderComparison.Benchmarks.TypedXlsbAsyncReadBenchmarks.ExcelReaderTypedXlsbAsync(RowCount: 50000)","36df28c4abc6a4c4371e09e26a5e40e0c07d30d2","3.4.4+36df28c4abc6a4c4371e09e26a5e40e0c07d30d2","A1F0BE7B8009B53FF2995867E0A98F58D093D6BE7734BB5D038A5CD67BBC9122","3.4.4+36df28c4abc6a4c4371e09e26a5e40e0c07d30d2","120ED0E03AAB955707610B90625DF19282DB1FE4DDF2922729BC1C45A1C9926E","04895AF9FF1FCF2492537A4ABD091088FC857CD496D30AAD6639D13CA9AB541D",,,"10","8,357865","1,0632266579327707","4055608","Native managed bytes allocated per benchmark operation; not peak/retained/unmanaged memory","27,9997","42,5586"
"historical-exploratory","36df-generated-real","stable36df-domain0-generated","0","OfficeIMO.Excel.ReaderComparison.Benchmarks","TypedXlsbAsyncReadBenchmarks","OfficeIMOTypedXlsbAsync","RowCount=50000","OfficeIMO.Excel.ReaderComparison.Benchmarks.TypedXlsbAsyncReadBenchmarks.OfficeIMOTypedXlsbAsync(RowCount: 50000)","36df28c4abc6a4c4371e09e26a5e40e0c07d30d2","3.4.4+36df28c4abc6a4c4371e09e26a5e40e0c07d30d2","A1F0BE7B8009B53FF2995867E0A98F58D093D6BE7734BB5D038A5CD67BBC9122","3.4.4+36df28c4abc6a4c4371e09e26a5e40e0c07d30d2","120ED0E03AAB955707610B90625DF19282DB1FE4DDF2922729BC1C45A1C9926E","04895AF9FF1FCF2492537A4ABD091088FC857CD496D30AAD6639D13CA9AB541D",,,"10","22,4942975","3,1140880668978896","10624314","Native managed bytes allocated per benchmark operation; not peak/retained/unmanaged memory","69,4163","115,0116"
"historical-exploratory","36df-generated-real","stable36df-domain0-generated","0","OfficeIMO.Excel.ReaderComparison.Benchmarks","TypedXlsbAsyncReadBenchmarks","SylvanTypedXlsbAsync","RowCount=50000","OfficeIMO.Excel.ReaderComparison.Benchmarks.TypedXlsbAsyncReadBenchmarks.SylvanTypedXlsbAsync(RowCount: 50000)","36df28c4abc6a4c4371e09e26a5e40e0c07d30d2","3.4.4+36df28c4abc6a4c4371e09e26a5e40e0c07d30d2","A1F0BE7B8009B53FF2995867E0A98F58D093D6BE7734BB5D038A5CD67BBC9122","3.4.4+36df28c4abc6a4c4371e09e26a5e40e0c07d30d2","120ED0E03AAB955707610B90625DF19282DB1FE4DDF2922729BC1C45A1C9926E","04895AF9FF1FCF2492537A4ABD091088FC857CD496D30AAD6639D13CA9AB541D",,,"10","25,6287725","2,586264378335253","10908960","Native managed bytes allocated per benchmark operation; not peak/retained/unmanaged memory","84,5847","118,5504"
"historical-exploratory","36df-generated-real","stable36df-domain0-generated","0","OfficeIMO.Excel.ReaderComparison.Benchmarks","TypedXlsbReadBenchmarks","ExcelReaderTypedXlsb","RowCount=50000","OfficeIMO.Excel.ReaderComparison.Benchmarks.TypedXlsbReadBenchmarks.ExcelReaderTypedXlsb(RowCount: 50000)","36df28c4abc6a4c4371e09e26a5e40e0c07d30d2","3.4.4+36df28c4abc6a4c4371e09e26a5e40e0c07d30d2","A1F0BE7B8009B53FF2995867E0A98F58D093D6BE7734BB5D038A5CD67BBC9122","3.4.4+36df28c4abc6a4c4371e09e26a5e40e0c07d30d2","120ED0E03AAB955707610B90625DF19282DB1FE4DDF2922729BC1C45A1C9926E","04895AF9FF1FCF2492537A4ABD091088FC857CD496D30AAD6639D13CA9AB541D",,,"10","8,1089025","1,12412330299673","4055496","Native managed bytes allocated per benchmark operation; not peak/retained/unmanaged memory","27,672","39,3349"
"historical-exploratory","36df-generated-real","stable36df-domain0-generated","0","OfficeIMO.Excel.ReaderComparison.Benchmarks","TypedXlsbReadBenchmarks","OfficeIMOTypedXlsb","RowCount=50000","OfficeIMO.Excel.ReaderComparison.Benchmarks.TypedXlsbReadBenchmarks.OfficeIMOTypedXlsb(RowCount: 50000)","36df28c4abc6a4c4371e09e26a5e40e0c07d30d2","3.4.4+36df28c4abc6a4c4371e09e26a5e40e0c07d30d2","A1F0BE7B8009B53FF2995867E0A98F58D093D6BE7734BB5D038A5CD67BBC9122","3.4.4+36df28c4abc6a4c4371e09e26a5e40e0c07d30d2","120ED0E03AAB955707610B90625DF19282DB1FE4DDF2922729BC1C45A1C9926E","04895AF9FF1FCF2492537A4ABD091088FC857CD496D30AAD6639D13CA9AB541D",,,"10","21,268045","0,5619938768448559","5823986","Native managed bytes allocated per benchmark operation; not peak/retained/unmanaged memory","80,0266","87,4399"
"historical-exploratory","36df-generated-real","stable36df-domain0-generated","0","OfficeIMO.Excel.ReaderComparison.Benchmarks","TypedXlsbReadBenchmarks","SylvanTypedXlsb","RowCount=50000","OfficeIMO.Excel.ReaderComparison.Benchmarks.TypedXlsbReadBenchmarks.SylvanTypedXlsb(RowCount: 50000)","36df28c4abc6a4c4371e09e26a5e40e0c07d30d2","3.4.4+36df28c4abc6a4c4371e09e26a5e40e0c07d30d2","A1F0BE7B8009B53FF2995867E0A98F58D093D6BE7734BB5D038A5CD67BBC9122","3.4.4+36df28c4abc6a4c4371e09e26a5e40e0c07d30d2","120ED0E03AAB955707610B90625DF19282DB1FE4DDF2922729BC1C45A1C9926E","04895AF9FF1FCF2492537A4ABD091088FC857CD496D30AAD6639D13CA9AB541D",,,"10","26,0216975","2,995643877677728","10907924","Native managed bytes allocated per benchmark operation; not peak/retained/unmanaged memory","89,973","126,3812"
"historical-exploratory","36df-generated-real","stable36df-domain0-real","0","OfficeIMO.Excel.ReaderComparison.Benchmarks","MaterializedRealDataReadBenchmarks","ExcelReaderStringsMaterialized","Format=Xlsx","OfficeIMO.Excel.ReaderComparison.Benchmarks.MaterializedRealDataReadBenchmarks.ExcelReaderStringsMaterialized(Format: Xlsx)","36df28c4abc6a4c4371e09e26a5e40e0c07d30d2","3.4.4+36df28c4abc6a4c4371e09e26a5e40e0c07d30d2","A1F0BE7B8009B53FF2995867E0A98F58D093D6BE7734BB5D038A5CD67BBC9122","3.4.4+36df28c4abc6a4c4371e09e26a5e40e0c07d30d2","120ED0E03AAB955707610B90625DF19282DB1FE4DDF2922729BC1C45A1C9926E","04895AF9FF1FCF2492537A4ABD091088FC857CD496D30AAD6639D13CA9AB541D",,,"10","44,198535","4,023812950876182","17504","Native managed bytes allocated per benchmark operation; not peak/retained/unmanaged memory","163,4297","214,853"
"historical-exploratory","36df-generated-real","stable36df-domain0-real","0","OfficeIMO.Excel.ReaderComparison.Benchmarks","MaterializedRealDataReadBenchmarks","OfficeIMOBytes","Format=Xlsx","OfficeIMO.Excel.ReaderComparison.Benchmarks.MaterializedRealDataReadBenchmarks.OfficeIMOBytes(Format: Xlsx)","36df28c4abc6a4c4371e09e26a5e40e0c07d30d2","3.4.4+36df28c4abc6a4c4371e09e26a5e40e0c07d30d2","A1F0BE7B8009B53FF2995867E0A98F58D093D6BE7734BB5D038A5CD67BBC9122","3.4.4+36df28c4abc6a4c4371e09e26a5e40e0c07d30d2","120ED0E03AAB955707610B90625DF19282DB1FE4DDF2922729BC1C45A1C9926E","04895AF9FF1FCF2492537A4ABD091088FC857CD496D30AAD6639D13CA9AB541D",,,"10","69,6257275","8,982909404881724","14274434","Native managed bytes allocated per benchmark operation; not peak/retained/unmanaged memory","248,3321","368,6296"
"historical-exploratory","36df-generated-real","stable36df-domain0-real","0","OfficeIMO.Excel.ReaderComparison.Benchmarks","MaterializedRealDataReadBenchmarks","OfficeIMOStream","Format=Xlsx","OfficeIMO.Excel.ReaderComparison.Benchmarks.MaterializedRealDataReadBenchmarks.OfficeIMOStream(Format: Xlsx)","36df28c4abc6a4c4371e09e26a5e40e0c07d30d2","3.4.4+36df28c4abc6a4c4371e09e26a5e40e0c07d30d2","A1F0BE7B8009B53FF2995867E0A98F58D093D6BE7734BB5D038A5CD67BBC9122","3.4.4+36df28c4abc6a4c4371e09e26a5e40e0c07d30d2","120ED0E03AAB955707610B90625DF19282DB1FE4DDF2922729BC1C45A1C9926E","04895AF9FF1FCF2492537A4ABD091088FC857CD496D30AAD6639D13CA9AB541D",,,"10","76,844595","11,059081882720744","23601188","Native managed bytes allocated per benchmark operation; not peak/retained/unmanaged memory","264,4417","406,0178"
"historical-exploratory","36df-generated-real","stable36df-domain0-real","0","OfficeIMO.Excel.ReaderComparison.Benchmarks","MaterializedRealDataReadBenchmarks","Sylvan","Format=Xlsx","OfficeIMO.Excel.ReaderComparison.Benchmarks.MaterializedRealDataReadBenchmarks.Sylvan(Format: Xlsx)","36df28c4abc6a4c4371e09e26a5e40e0c07d30d2","3.4.4+36df28c4abc6a4c4371e09e26a5e40e0c07d30d2","A1F0BE7B8009B53FF2995867E0A98F58D093D6BE7734BB5D038A5CD67BBC9122","3.4.4+36df28c4abc6a4c4371e09e26a5e40e0c07d30d2","120ED0E03AAB955707610B90625DF19282DB1FE4DDF2922729BC1C45A1C9926E","04895AF9FF1FCF2492537A4ABD091088FC857CD496D30AAD6639D13CA9AB541D",,,"10","205,289565","39,048978287149914","663088","Native managed bytes allocated per benchmark operation; not peak/retained/unmanaged memory","593,8913","1002,5006"
"historical-exploratory","36df-generated-real","stable36df-domain0-real","0","OfficeIMO.Excel.ReaderComparison.Benchmarks","MaterializedRealDataReadBenchmarks","ExcelReaderStringsMaterialized","Format=Xlsm","OfficeIMO.Excel.ReaderComparison.Benchmarks.MaterializedRealDataReadBenchmarks.ExcelReaderStringsMaterialized(Format: Xlsm)","36df28c4abc6a4c4371e09e26a5e40e0c07d30d2","3.4.4+36df28c4abc6a4c4371e09e26a5e40e0c07d30d2","A1F0BE7B8009B53FF2995867E0A98F58D093D6BE7734BB5D038A5CD67BBC9122","3.4.4+36df28c4abc6a4c4371e09e26a5e40e0c07d30d2","120ED0E03AAB955707610B90625DF19282DB1FE4DDF2922729BC1C45A1C9926E","04895AF9FF1FCF2492537A4ABD091088FC857CD496D30AAD6639D13CA9AB541D",,,"10","44,3076975","4,853787893483152","144880","Native managed bytes allocated per benchmark operation; not peak/retained/unmanaged memory","158,9364","218,6724"
"historical-exploratory","36df-generated-real","stable36df-domain0-real","0","OfficeIMO.Excel.ReaderComparison.Benchmarks","MaterializedRealDataReadBenchmarks","OfficeIMOBytes","Format=Xlsm","OfficeIMO.Excel.ReaderComparison.Benchmarks.MaterializedRealDataReadBenchmarks.OfficeIMOBytes(Format: Xlsm)","36df28c4abc6a4c4371e09e26a5e40e0c07d30d2","3.4.4+36df28c4abc6a4c4371e09e26a5e40e0c07d30d2","A1F0BE7B8009B53FF2995867E0A98F58D093D6BE7734BB5D038A5CD67BBC9122","3.4.4+36df28c4abc6a4c4371e09e26a5e40e0c07d30d2","120ED0E03AAB955707610B90625DF19282DB1FE4DDF2922729BC1C45A1C9926E","04895AF9FF1FCF2492537A4ABD091088FC857CD496D30AAD6639D13CA9AB541D",,,"10","65,5893025","7,680836736784986","16879796","Native managed bytes allocated per benchmark operation; not peak/retained/unmanaged memory","239,9091","344,7461"
"historical-exploratory","36df-generated-real","stable36df-domain0-real","0","OfficeIMO.Excel.ReaderComparison.Benchmarks","MaterializedRealDataReadBenchmarks","OfficeIMOStream","Format=Xlsm","OfficeIMO.Excel.ReaderComparison.Benchmarks.MaterializedRealDataReadBenchmarks.OfficeIMOStream(Format: Xlsm)","36df28c4abc6a4c4371e09e26a5e40e0c07d30d2","3.4.4+36df28c4abc6a4c4371e09e26a5e40e0c07d30d2","A1F0BE7B8009B53FF2995867E0A98F58D093D6BE7734BB5D038A5CD67BBC9122","3.4.4+36df28c4abc6a4c4371e09e26a5e40e0c07d30d2","120ED0E03AAB955707610B90625DF19282DB1FE4DDF2922729BC1C45A1C9926E","04895AF9FF1FCF2492537A4ABD091088FC857CD496D30AAD6639D13CA9AB541D",,,"10","79,36185","10,20640842693942","23601228","Native managed bytes allocated per benchmark operation; not peak/retained/unmanaged memory","264,9015","389,0865"
"historical-exploratory","36df-generated-real","stable36df-domain0-real","0","OfficeIMO.Excel.ReaderComparison.Benchmarks","MaterializedRealDataReadBenchmarks","Sylvan","Format=Xlsm","OfficeIMO.Excel.ReaderComparison.Benchmarks.MaterializedRealDataReadBenchmarks.Sylvan(Format: Xlsm)","36df28c4abc6a4c4371e09e26a5e40e0c07d30d2","3.4.4+36df28c4abc6a4c4371e09e26a5e40e0c07d30d2","A1F0BE7B8009B53FF2995867E0A98F58D093D6BE7734BB5D038A5CD67BBC9122","3.4.4+36df28c4abc6a4c4371e09e26a5e40e0c07d30d2","120ED0E03AAB955707610B90625DF19282DB1FE4DDF2922729BC1C45A1C9926E","04895AF9FF1FCF2492537A4ABD091088FC857CD496D30AAD6639D13CA9AB541D",,,"10","164,2031375","30,25641277814782","663168","Native managed bytes allocated per benchmark operation; not peak/retained/unmanaged memory","583,0871","989,2448"
"historical-exploratory","36df-generated-real","stable36df-domain0-real","0","OfficeIMO.Excel.ReaderComparison.Benchmarks","MaterializedRealDataReadBenchmarks","ExcelReaderStringsMaterialized","Format=Xlsb","OfficeIMO.Excel.ReaderComparison.Benchmarks.MaterializedRealDataReadBenchmarks.ExcelReaderStringsMaterialized(Format: Xlsb)","36df28c4abc6a4c4371e09e26a5e40e0c07d30d2","3.4.4+36df28c4abc6a4c4371e09e26a5e40e0c07d30d2","A1F0BE7B8009B53FF2995867E0A98F58D093D6BE7734BB5D038A5CD67BBC9122","3.4.4+36df28c4abc6a4c4371e09e26a5e40e0c07d30d2","120ED0E03AAB955707610B90625DF19282DB1FE4DDF2922729BC1C45A1C9926E","04895AF9FF1FCF2492537A4ABD091088FC857CD496D30AAD6639D13CA9AB541D",,,"10","27,263725","1,1131663573638337","136430","Native managed bytes allocated per benchmark operation; not peak/retained/unmanaged memory","101,0804","116,0427"
"historical-exploratory","36df-generated-real","stable36df-domain0-real","0","OfficeIMO.Excel.ReaderComparison.Benchmarks","MaterializedRealDataReadBenchmarks","OfficeIMOBytes","Format=Xlsb","OfficeIMO.Excel.ReaderComparison.Benchmarks.MaterializedRealDataReadBenchmarks.OfficeIMOBytes(Format: Xlsb)","36df28c4abc6a4c4371e09e26a5e40e0c07d30d2","3.4.4+36df28c4abc6a4c4371e09e26a5e40e0c07d30d2","A1F0BE7B8009B53FF2995867E0A98F58D093D6BE7734BB5D038A5CD67BBC9122","3.4.4+36df28c4abc6a4c4371e09e26a5e40e0c07d30d2","120ED0E03AAB955707610B90625DF19282DB1FE4DDF2922729BC1C45A1C9926E","04895AF9FF1FCF2492537A4ABD091088FC857CD496D30AAD6639D13CA9AB541D",,,"10","31,9613875","1,7368064865440216","18523794","Native managed bytes allocated per benchmark operation; not peak/retained/unmanaged memory","113,4561","134,3417"
"historical-exploratory","36df-generated-real","stable36df-domain0-real","0","OfficeIMO.Excel.ReaderComparison.Benchmarks","MaterializedRealDataReadBenchmarks","OfficeIMOStream","Format=Xlsb","OfficeIMO.Excel.ReaderComparison.Benchmarks.MaterializedRealDataReadBenchmarks.OfficeIMOStream(Format: Xlsb)","36df28c4abc6a4c4371e09e26a5e40e0c07d30d2","3.4.4+36df28c4abc6a4c4371e09e26a5e40e0c07d30d2","A1F0BE7B8009B53FF2995867E0A98F58D093D6BE7734BB5D038A5CD67BBC9122","3.4.4+36df28c4abc6a4c4371e09e26a5e40e0c07d30d2","120ED0E03AAB955707610B90625DF19282DB1FE4DDF2922729BC1C45A1C9926E","04895AF9FF1FCF2492537A4ABD091088FC857CD496D30AAD6639D13CA9AB541D",,,"10","31,7940475","2,332278022945056","26594250","Native managed bytes allocated per benchmark operation; not peak/retained/unmanaged memory","116,6981","138,8809"
"historical-exploratory","36df-generated-real","stable36df-domain0-real","0","OfficeIMO.Excel.ReaderComparison.Benchmarks","MaterializedRealDataReadBenchmarks","Sylvan","Format=Xlsb","OfficeIMO.Excel.ReaderComparison.Benchmarks.MaterializedRealDataReadBenchmarks.Sylvan(Format: Xlsb)","36df28c4abc6a4c4371e09e26a5e40e0c07d30d2","3.4.4+36df28c4abc6a4c4371e09e26a5e40e0c07d30d2","A1F0BE7B8009B53FF2995867E0A98F58D093D6BE7734BB5D038A5CD67BBC9122","3.4.4+36df28c4abc6a4c4371e09e26a5e40e0c07d30d2","120ED0E03AAB955707610B90625DF19282DB1FE4DDF2922729BC1C45A1C9926E","04895AF9FF1FCF2492537A4ABD091088FC857CD496D30AAD6639D13CA9AB541D",,,"10","27,60862","1,4077113106031365","350192","Native managed bytes allocated per benchmark operation; not peak/retained/unmanaged memory","102,6511","119,6581"
"historical-exploratory","36df-generated-real","stable36df-domain0-real","0","OfficeIMO.Excel.ReaderComparison.Benchmarks","MaterializedRealDataReadBenchmarks","ExcelReaderStringsMaterialized","Format=Xls","OfficeIMO.Excel.ReaderComparison.Benchmarks.MaterializedRealDataReadBenchmarks.ExcelReaderStringsMaterialized(Format: Xls)","36df28c4abc6a4c4371e09e26a5e40e0c07d30d2","3.4.4+36df28c4abc6a4c4371e09e26a5e40e0c07d30d2","A1F0BE7B8009B53FF2995867E0A98F58D093D6BE7734BB5D038A5CD67BBC9122","3.4.4+36df28c4abc6a4c4371e09e26a5e40e0c07d30d2","120ED0E03AAB955707610B90625DF19282DB1FE4DDF2922729BC1C45A1C9926E","04895AF9FF1FCF2492537A4ABD091088FC857CD496D30AAD6639D13CA9AB541D",,,"10","11,415755","2,086899715247477","84956","Native managed bytes allocated per benchmark operation; not peak/retained/unmanaged memory","39,586","61,5575"
"historical-exploratory","36df-generated-real","stable36df-domain0-real","0","OfficeIMO.Excel.ReaderComparison.Benchmarks","MaterializedRealDataReadBenchmarks","OfficeIMOBytes","Format=Xls","OfficeIMO.Excel.ReaderComparison.Benchmarks.MaterializedRealDataReadBenchmarks.OfficeIMOBytes(Format: Xls)","36df28c4abc6a4c4371e09e26a5e40e0c07d30d2","3.4.4+36df28c4abc6a4c4371e09e26a5e40e0c07d30d2","A1F0BE7B8009B53FF2995867E0A98F58D093D6BE7734BB5D038A5CD67BBC9122","3.4.4+36df28c4abc6a4c4371e09e26a5e40e0c07d30d2","120ED0E03AAB955707610B90625DF19282DB1FE4DDF2922729BC1C45A1C9926E","04895AF9FF1FCF2492537A4ABD091088FC857CD496D30AAD6639D13CA9AB541D",,,"10","14,854415","2,1822613458418667","18585902","Native managed bytes allocated per benchmark operation; not peak/retained/unmanaged memory","51,1648","83,0673"
"historical-exploratory","36df-generated-real","stable36df-domain0-real","0","OfficeIMO.Excel.ReaderComparison.Benchmarks","MaterializedRealDataReadBenchmarks","OfficeIMOStream","Format=Xls","OfficeIMO.Excel.ReaderComparison.Benchmarks.MaterializedRealDataReadBenchmarks.OfficeIMOStream(Format: Xls)","36df28c4abc6a4c4371e09e26a5e40e0c07d30d2","3.4.4+36df28c4abc6a4c4371e09e26a5e40e0c07d30d2","A1F0BE7B8009B53FF2995867E0A98F58D093D6BE7734BB5D038A5CD67BBC9122","3.4.4+36df28c4abc6a4c4371e09e26a5e40e0c07d30d2","120ED0E03AAB955707610B90625DF19282DB1FE4DDF2922729BC1C45A1C9926E","04895AF9FF1FCF2492537A4ABD091088FC857CD496D30AAD6639D13CA9AB541D",,,"10","17,25466","2,5130558190124277","34671790","Native managed bytes allocated per benchmark operation; not peak/retained/unmanaged memory","55,5713","85,066"
"historical-exploratory","36df-generated-real","stable36df-domain0-real","0","OfficeIMO.Excel.ReaderComparison.Benchmarks","MaterializedRealDataReadBenchmarks","Sylvan","Format=Xls","OfficeIMO.Excel.ReaderComparison.Benchmarks.MaterializedRealDataReadBenchmarks.Sylvan(Format: Xls)","36df28c4abc6a4c4371e09e26a5e40e0c07d30d2","3.4.4+36df28c4abc6a4c4371e09e26a5e40e0c07d30d2","A1F0BE7B8009B53FF2995867E0A98F58D093D6BE7734BB5D038A5CD67BBC9122","3.4.4+36df28c4abc6a4c4371e09e26a5e40e0c07d30d2","120ED0E03AAB955707610B90625DF19282DB1FE4DDF2922729BC1C45A1C9926E","04895AF9FF1FCF2492537A4ABD091088FC857CD496D30AAD6639D13CA9AB541D",,,"10","18,569105","3,3742056748547835","223640","Native managed bytes allocated per benchmark operation; not peak/retained/unmanaged memory","66,5428","111,3739"
"historical-exploratory","36df-generated-real","stable36df-domain0-real","0","OfficeIMO.Excel.ReaderComparison.Benchmarks","PrefetchedRealDataReadBenchmarks","ExcelReaderPrefetch","Format=Xlsx","OfficeIMO.Excel.ReaderComparison.Benchmarks.PrefetchedRealDataReadBenchmarks.ExcelReaderPrefetch(Format: Xlsx)","36df28c4abc6a4c4371e09e26a5e40e0c07d30d2","3.4.4+36df28c4abc6a4c4371e09e26a5e40e0c07d30d2","A1F0BE7B8009B53FF2995867E0A98F58D093D6BE7734BB5D038A5CD67BBC9122","3.4.4+36df28c4abc6a4c4371e09e26a5e40e0c07d30d2","120ED0E03AAB955707610B90625DF19282DB1FE4DDF2922729BC1C45A1C9926E","04895AF9FF1FCF2492537A4ABD091088FC857CD496D30AAD6639D13CA9AB541D",,,"10","27,6409575","2,0564570010312098","167736","Native managed bytes allocated per benchmark operation; not peak/retained/unmanaged memory","97,2006","125,4166"
"historical-exploratory","36df-generated-real","stable36df-domain0-real","0","OfficeIMO.Excel.ReaderComparison.Benchmarks","PrefetchedRealDataReadBenchmarks","ExcelReaderMemoryPrefetch","Format=Xlsx","OfficeIMO.Excel.ReaderComparison.Benchmarks.PrefetchedRealDataReadBenchmarks.ExcelReaderMemoryPrefetch(Format: Xlsx)","36df28c4abc6a4c4371e09e26a5e40e0c07d30d2","3.4.4+36df28c4abc6a4c4371e09e26a5e40e0c07d30d2","A1F0BE7B8009B53FF2995867E0A98F58D093D6BE7734BB5D038A5CD67BBC9122","3.4.4+36df28c4abc6a4c4371e09e26a5e40e0c07d30d2","120ED0E03AAB955707610B90625DF19282DB1FE4DDF2922729BC1C45A1C9926E","04895AF9FF1FCF2492537A4ABD091088FC857CD496D30AAD6639D13CA9AB541D",,,"10","25,986965","2,7965305062317345","130596","Native managed bytes allocated per benchmark operation; not peak/retained/unmanaged memory","89,4416","123,3013"
"historical-exploratory","36df-generated-real","stable36df-domain0-real","0","OfficeIMO.Excel.ReaderComparison.Benchmarks","PrefetchedRealDataReadBenchmarks","OfficeIMOBytes","Format=Xlsx","OfficeIMO.Excel.ReaderComparison.Benchmarks.PrefetchedRealDataReadBenchmarks.OfficeIMOBytes(Format: Xlsx)","36df28c4abc6a4c4371e09e26a5e40e0c07d30d2","3.4.4+36df28c4abc6a4c4371e09e26a5e40e0c07d30d2","A1F0BE7B8009B53FF2995867E0A98F58D093D6BE7734BB5D038A5CD67BBC9122","3.4.4+36df28c4abc6a4c4371e09e26a5e40e0c07d30d2","120ED0E03AAB955707610B90625DF19282DB1FE4DDF2922729BC1C45A1C9926E","04895AF9FF1FCF2492537A4ABD091088FC857CD496D30AAD6639D13CA9AB541D",,,"10","64,1485125","2,134528446956858","16879864","Native managed bytes allocated per benchmark operation; not peak/retained/unmanaged memory","246,3623","269,985"
"historical-exploratory","36df-generated-real","stable36df-domain0-real","0","OfficeIMO.Excel.ReaderComparison.Benchmarks","PrefetchedRealDataReadBenchmarks","Sylvan","Format=Xlsx","OfficeIMO.Excel.ReaderComparison.Benchmarks.PrefetchedRealDataReadBenchmarks.Sylvan(Format: Xlsx)","36df28c4abc6a4c4371e09e26a5e40e0c07d30d2","3.4.4+36df28c4abc6a4c4371e09e26a5e40e0c07d30d2","A1F0BE7B8009B53FF2995867E0A98F58D093D6BE7734BB5D038A5CD67BBC9122","3.4.4+36df28c4abc6a4c4371e09e26a5e40e0c07d30d2","120ED0E03AAB955707610B90625DF19282DB1FE4DDF2922729BC1C45A1C9926E","04895AF9FF1FCF2492537A4ABD091088FC857CD496D30AAD6639D13CA9AB541D",,,"10","228,112445","22,317901580575402","663088","Native managed bytes allocated per benchmark operation; not peak/retained/unmanaged memory","735,2611","1017,4794"
"historical-exploratory","36df-generated-real","stable36df-domain0-real","0","OfficeIMO.Excel.ReaderComparison.Benchmarks","PrefetchedRealDataReadBenchmarks","ExcelReaderPrefetch","Format=Xlsm","OfficeIMO.Excel.ReaderComparison.Benchmarks.PrefetchedRealDataReadBenchmarks.ExcelReaderPrefetch(Format: Xlsm)","36df28c4abc6a4c4371e09e26a5e40e0c07d30d2","3.4.4+36df28c4abc6a4c4371e09e26a5e40e0c07d30d2","A1F0BE7B8009B53FF2995867E0A98F58D093D6BE7734BB5D038A5CD67BBC9122","3.4.4+36df28c4abc6a4c4371e09e26a5e40e0c07d30d2","120ED0E03AAB955707610B90625DF19282DB1FE4DDF2922729BC1C45A1C9926E","04895AF9FF1FCF2492537A4ABD091088FC857CD496D30AAD6639D13CA9AB541D",,,"10","33,7801975","3,1377915017406486","155166","Native managed bytes allocated per benchmark operation; not peak/retained/unmanaged memory","118,9081","161,4657"
"historical-exploratory","36df-generated-real","stable36df-domain0-real","0","OfficeIMO.Excel.ReaderComparison.Benchmarks","PrefetchedRealDataReadBenchmarks","ExcelReaderMemoryPrefetch","Format=Xlsm","OfficeIMO.Excel.ReaderComparison.Benchmarks.PrefetchedRealDataReadBenchmarks.ExcelReaderMemoryPrefetch(Format: Xlsm)","36df28c4abc6a4c4371e09e26a5e40e0c07d30d2","3.4.4+36df28c4abc6a4c4371e09e26a5e40e0c07d30d2","A1F0BE7B8009B53FF2995867E0A98F58D093D6BE7734BB5D038A5CD67BBC9122","3.4.4+36df28c4abc6a4c4371e09e26a5e40e0c07d30d2","120ED0E03AAB955707610B90625DF19282DB1FE4DDF2922729BC1C45A1C9926E","04895AF9FF1FCF2492537A4ABD091088FC857CD496D30AAD6639D13CA9AB541D",,,"10","38,6558575","4,087201322965556","138840","Native managed bytes allocated per benchmark operation; not peak/retained/unmanaged memory","133,4224","182,6584"
"historical-exploratory","36df-generated-real","stable36df-domain0-real","0","OfficeIMO.Excel.ReaderComparison.Benchmarks","PrefetchedRealDataReadBenchmarks","OfficeIMOBytes","Format=Xlsm","OfficeIMO.Excel.ReaderComparison.Benchmarks.PrefetchedRealDataReadBenchmarks.OfficeIMOBytes(Format: Xlsm)","36df28c4abc6a4c4371e09e26a5e40e0c07d30d2","3.4.4+36df28c4abc6a4c4371e09e26a5e40e0c07d30d2","A1F0BE7B8009B53FF2995867E0A98F58D093D6BE7734BB5D038A5CD67BBC9122","3.4.4+36df28c4abc6a4c4371e09e26a5e40e0c07d30d2","120ED0E03AAB955707610B90625DF19282DB1FE4DDF2922729BC1C45A1C9926E","04895AF9FF1FCF2492537A4ABD091088FC857CD496D30AAD6639D13CA9AB541D",,,"10","66,14244","7,045666100934752","16879912","Native managed bytes allocated per benchmark operation; not peak/retained/unmanaged memory","237,346","318,2752"
"historical-exploratory","36df-generated-real","stable36df-domain0-real","0","OfficeIMO.Excel.ReaderComparison.Benchmarks","PrefetchedRealDataReadBenchmarks","Sylvan","Format=Xlsm","OfficeIMO.Excel.ReaderComparison.Benchmarks.PrefetchedRealDataReadBenchmarks.Sylvan(Format: Xlsm)","36df28c4abc6a4c4371e09e26a5e40e0c07d30d2","3.4.4+36df28c4abc6a4c4371e09e26a5e40e0c07d30d2","A1F0BE7B8009B53FF2995867E0A98F58D093D6BE7734BB5D038A5CD67BBC9122","3.4.4+36df28c4abc6a4c4371e09e26a5e40e0c07d30d2","120ED0E03AAB955707610B90625DF19282DB1FE4DDF2922729BC1C45A1C9926E","04895AF9FF1FCF2492537A4ABD091088FC857CD496D30AAD6639D13CA9AB541D",,,"10","158,6200075","13,112531583883422","663168","Native managed bytes allocated per benchmark operation; not peak/retained/unmanaged memory","559,0225","701,3324"
"historical-exploratory","36df-generated-real","stable36df-domain0-real","0","OfficeIMO.Excel.ReaderComparison.Benchmarks","PrefetchedRealDataReadBenchmarks","ExcelReaderPrefetch","Format=Xlsb","OfficeIMO.Excel.ReaderComparison.Benchmarks.PrefetchedRealDataReadBenchmarks.ExcelReaderPrefetch(Format: Xlsb)","36df28c4abc6a4c4371e09e26a5e40e0c07d30d2","3.4.4+36df28c4abc6a4c4371e09e26a5e40e0c07d30d2","A1F0BE7B8009B53FF2995867E0A98F58D093D6BE7734BB5D038A5CD67BBC9122","3.4.4+36df28c4abc6a4c4371e09e26a5e40e0c07d30d2","120ED0E03AAB955707610B90625DF19282DB1FE4DDF2922729BC1C45A1C9926E","04895AF9FF1FCF2492537A4ABD091088FC857CD496D30AAD6639D13CA9AB541D",,,"10","16,8957025","1,1443856031397857","153196","Native managed bytes allocated per benchmark operation; not peak/retained/unmanaged memory","57,8508","74,0061"
"historical-exploratory","36df-generated-real","stable36df-domain0-real","0","OfficeIMO.Excel.ReaderComparison.Benchmarks","PrefetchedRealDataReadBenchmarks","ExcelReaderMemoryPrefetch","Format=Xlsb","OfficeIMO.Excel.ReaderComparison.Benchmarks.PrefetchedRealDataReadBenchmarks.ExcelReaderMemoryPrefetch(Format: Xlsb)","36df28c4abc6a4c4371e09e26a5e40e0c07d30d2","3.4.4+36df28c4abc6a4c4371e09e26a5e40e0c07d30d2","A1F0BE7B8009B53FF2995867E0A98F58D093D6BE7734BB5D038A5CD67BBC9122","3.4.4+36df28c4abc6a4c4371e09e26a5e40e0c07d30d2","120ED0E03AAB955707610B90625DF19282DB1FE4DDF2922729BC1C45A1C9926E","04895AF9FF1FCF2492537A4ABD091088FC857CD496D30AAD6639D13CA9AB541D",,,"10","17,2031975","1,615014697879885","117248","Native managed bytes allocated per benchmark operation; not peak/retained/unmanaged memory","56,1313","79,8957"
"historical-exploratory","36df-generated-real","stable36df-domain0-real","0","OfficeIMO.Excel.ReaderComparison.Benchmarks","PrefetchedRealDataReadBenchmarks","OfficeIMOBytes","Format=Xlsb","OfficeIMO.Excel.ReaderComparison.Benchmarks.PrefetchedRealDataReadBenchmarks.OfficeIMOBytes(Format: Xlsb)","36df28c4abc6a4c4371e09e26a5e40e0c07d30d2","3.4.4+36df28c4abc6a4c4371e09e26a5e40e0c07d30d2","A1F0BE7B8009B53FF2995867E0A98F58D093D6BE7734BB5D038A5CD67BBC9122","3.4.4+36df28c4abc6a4c4371e09e26a5e40e0c07d30d2","120ED0E03AAB955707610B90625DF19282DB1FE4DDF2922729BC1C45A1C9926E","04895AF9FF1FCF2492537A4ABD091088FC857CD496D30AAD6639D13CA9AB541D",,,"10","33,0211125","3,386761320081678","18521206","Native managed bytes allocated per benchmark operation; not peak/retained/unmanaged memory","115,2137","157,367"
"historical-exploratory","36df-generated-real","stable36df-domain0-real","0","OfficeIMO.Excel.ReaderComparison.Benchmarks","PrefetchedRealDataReadBenchmarks","Sylvan","Format=Xlsb","OfficeIMO.Excel.ReaderComparison.Benchmarks.PrefetchedRealDataReadBenchmarks.Sylvan(Format: Xlsb)","36df28c4abc6a4c4371e09e26a5e40e0c07d30d2","3.4.4+36df28c4abc6a4c4371e09e26a5e40e0c07d30d2","A1F0BE7B8009B53FF2995867E0A98F58D093D6BE7734BB5D038A5CD67BBC9122","3.4.4+36df28c4abc6a4c4371e09e26a5e40e0c07d30d2","120ED0E03AAB955707610B90625DF19282DB1FE4DDF2922729BC1C45A1C9926E","04895AF9FF1FCF2492537A4ABD091088FC857CD496D30AAD6639D13CA9AB541D",,,"10","30,3713","3,6092030182884174","350192","Native managed bytes allocated per benchmark operation; not peak/retained/unmanaged memory","102,6459","150,3663"
"historical-exploratory","36df-generated-real","stable36df-domain0-real","0","OfficeIMO.Excel.ReaderComparison.Benchmarks","RealDataReadBenchmarks","ExcelReaderOriginal","Format=Xlsx","OfficeIMO.Excel.ReaderComparison.Benchmarks.RealDataReadBenchmarks.ExcelReaderOriginal(Format: Xlsx)","36df28c4abc6a4c4371e09e26a5e40e0c07d30d2","3.4.4+36df28c4abc6a4c4371e09e26a5e40e0c07d30d2","A1F0BE7B8009B53FF2995867E0A98F58D093D6BE7734BB5D038A5CD67BBC9122","3.4.4+36df28c4abc6a4c4371e09e26a5e40e0c07d30d2","120ED0E03AAB955707610B90625DF19282DB1FE4DDF2922729BC1C45A1C9926E","04895AF9FF1FCF2492537A4ABD091088FC857CD496D30AAD6639D13CA9AB541D",,,"10","39,8155275","3,5241878064403007","7808","Native managed bytes allocated per benchmark operation; not peak/retained/unmanaged memory","146,6605","195,6778"
"historical-exploratory","36df-generated-real","stable36df-domain0-real","0","OfficeIMO.Excel.ReaderComparison.Benchmarks","RealDataReadBenchmarks","ExcelReaderMemory","Format=Xlsx","OfficeIMO.Excel.ReaderComparison.Benchmarks.RealDataReadBenchmarks.ExcelReaderMemory(Format: Xlsx)","36df28c4abc6a4c4371e09e26a5e40e0c07d30d2","3.4.4+36df28c4abc6a4c4371e09e26a5e40e0c07d30d2","A1F0BE7B8009B53FF2995867E0A98F58D093D6BE7734BB5D038A5CD67BBC9122","3.4.4+36df28c4abc6a4c4371e09e26a5e40e0c07d30d2","120ED0E03AAB955707610B90625DF19282DB1FE4DDF2922729BC1C45A1C9926E","04895AF9FF1FCF2492537A4ABD091088FC857CD496D30AAD6639D13CA9AB541D",,,"10","40,8234325","4,878173293469397","7552","Native managed bytes allocated per benchmark operation; not peak/retained/unmanaged memory","153,025","217,1703"
"historical-exploratory","36df-generated-real","stable36df-domain0-real","0","OfficeIMO.Excel.ReaderComparison.Benchmarks","RealDataReadBenchmarks","OfficeIMOBytes","Format=Xlsx","OfficeIMO.Excel.ReaderComparison.Benchmarks.RealDataReadBenchmarks.OfficeIMOBytes(Format: Xlsx)","36df28c4abc6a4c4371e09e26a5e40e0c07d30d2","3.4.4+36df28c4abc6a4c4371e09e26a5e40e0c07d30d2","A1F0BE7B8009B53FF2995867E0A98F58D093D6BE7734BB5D038A5CD67BBC9122","3.4.4+36df28c4abc6a4c4371e09e26a5e40e0c07d30d2","120ED0E03AAB955707610B90625DF19282DB1FE4DDF2922729BC1C45A1C9926E","04895AF9FF1FCF2492537A4ABD091088FC857CD496D30AAD6639D13CA9AB541D",,,"10","66,04041","12,152849850327748","14274434","Native managed bytes allocated per benchmark operation; not peak/retained/unmanaged memory","229,0122","363,6324"
"historical-exploratory","36df-generated-real","stable36df-domain0-real","0","OfficeIMO.Excel.ReaderComparison.Benchmarks","RealDataReadBenchmarks","OfficeIMOStream","Format=Xlsx","OfficeIMO.Excel.ReaderComparison.Benchmarks.RealDataReadBenchmarks.OfficeIMOStream(Format: Xlsx)","36df28c4abc6a4c4371e09e26a5e40e0c07d30d2","3.4.4+36df28c4abc6a4c4371e09e26a5e40e0c07d30d2","A1F0BE7B8009B53FF2995867E0A98F58D093D6BE7734BB5D038A5CD67BBC9122","3.4.4+36df28c4abc6a4c4371e09e26a5e40e0c07d30d2","120ED0E03AAB955707610B90625DF19282DB1FE4DDF2922729BC1C45A1C9926E","04895AF9FF1FCF2492537A4ABD091088FC857CD496D30AAD6639D13CA9AB541D",,,"10","63,474415","7,2981830491416","20995834","Native managed bytes allocated per benchmark operation; not peak/retained/unmanaged memory","235,4095","332,64"
"historical-exploratory","36df-generated-real","stable36df-domain0-real","0","OfficeIMO.Excel.ReaderComparison.Benchmarks","RealDataReadBenchmarks","Sylvan","Format=Xlsx","OfficeIMO.Excel.ReaderComparison.Benchmarks.RealDataReadBenchmarks.Sylvan(Format: Xlsx)","36df28c4abc6a4c4371e09e26a5e40e0c07d30d2","3.4.4+36df28c4abc6a4c4371e09e26a5e40e0c07d30d2","A1F0BE7B8009B53FF2995867E0A98F58D093D6BE7734BB5D038A5CD67BBC9122","3.4.4+36df28c4abc6a4c4371e09e26a5e40e0c07d30d2","120ED0E03AAB955707610B90625DF19282DB1FE4DDF2922729BC1C45A1C9926E","04895AF9FF1FCF2492537A4ABD091088FC857CD496D30AAD6639D13CA9AB541D",,,"10","156,556835","8,63864579570426","659984","Native managed bytes allocated per benchmark operation; not peak/retained/unmanaged memory","568,1491","665,8937"
"historical-exploratory","36df-generated-real","stable36df-domain0-real","0","OfficeIMO.Excel.ReaderComparison.Benchmarks","RealDataReadBenchmarks","ExcelReaderOriginal","Format=Xlsm","OfficeIMO.Excel.ReaderComparison.Benchmarks.RealDataReadBenchmarks.ExcelReaderOriginal(Format: Xlsm)","36df28c4abc6a4c4371e09e26a5e40e0c07d30d2","3.4.4+36df28c4abc6a4c4371e09e26a5e40e0c07d30d2","A1F0BE7B8009B53FF2995867E0A98F58D093D6BE7734BB5D038A5CD67BBC9122","3.4.4+36df28c4abc6a4c4371e09e26a5e40e0c07d30d2","120ED0E03AAB955707610B90625DF19282DB1FE4DDF2922729BC1C45A1C9926E","04895AF9FF1FCF2492537A4ABD091088FC857CD496D30AAD6639D13CA9AB541D",,,"10","47,3143625","7,192427778875523","7808","Native managed bytes allocated per benchmark operation; not peak/retained/unmanaged memory","159,5841","250,5068"
"historical-exploratory","36df-generated-real","stable36df-domain0-real","0","OfficeIMO.Excel.ReaderComparison.Benchmarks","RealDataReadBenchmarks","ExcelReaderMemory","Format=Xlsm","OfficeIMO.Excel.ReaderComparison.Benchmarks.RealDataReadBenchmarks.ExcelReaderMemory(Format: Xlsm)","36df28c4abc6a4c4371e09e26a5e40e0c07d30d2","3.4.4+36df28c4abc6a4c4371e09e26a5e40e0c07d30d2","A1F0BE7B8009B53FF2995867E0A98F58D093D6BE7734BB5D038A5CD67BBC9122","3.4.4+36df28c4abc6a4c4371e09e26a5e40e0c07d30d2","120ED0E03AAB955707610B90625DF19282DB1FE4DDF2922729BC1C45A1C9926E","04895AF9FF1FCF2492537A4ABD091088FC857CD496D30AAD6639D13CA9AB541D",,,"10","53,9722725","7,228561592982017","85764","Native managed bytes allocated per benchmark operation; not peak/retained/unmanaged memory","162,5045","255,7114"
"historical-exploratory","36df-generated-real","stable36df-domain0-real","0","OfficeIMO.Excel.ReaderComparison.Benchmarks","RealDataReadBenchmarks","OfficeIMOBytes","Format=Xlsm","OfficeIMO.Excel.ReaderComparison.Benchmarks.RealDataReadBenchmarks.OfficeIMOBytes(Format: Xlsm)","36df28c4abc6a4c4371e09e26a5e40e0c07d30d2","3.4.4+36df28c4abc6a4c4371e09e26a5e40e0c07d30d2","A1F0BE7B8009B53FF2995867E0A98F58D093D6BE7734BB5D038A5CD67BBC9122","3.4.4+36df28c4abc6a4c4371e09e26a5e40e0c07d30d2","120ED0E03AAB955707610B90625DF19282DB1FE4DDF2922729BC1C45A1C9926E","04895AF9FF1FCF2492537A4ABD091088FC857CD496D30AAD6639D13CA9AB541D",,,"10","83,5164975","7,953046212226639","16879554","Native managed bytes allocated per benchmark operation; not peak/retained/unmanaged memory","280,0039","395,4723"
"historical-exploratory","36df-generated-real","stable36df-domain0-real","0","OfficeIMO.Excel.ReaderComparison.Benchmarks","RealDataReadBenchmarks","OfficeIMOStream","Format=Xlsm","OfficeIMO.Excel.ReaderComparison.Benchmarks.RealDataReadBenchmarks.OfficeIMOStream(Format: Xlsm)","36df28c4abc6a4c4371e09e26a5e40e0c07d30d2","3.4.4+36df28c4abc6a4c4371e09e26a5e40e0c07d30d2","A1F0BE7B8009B53FF2995867E0A98F58D093D6BE7734BB5D038A5CD67BBC9122","3.4.4+36df28c4abc6a4c4371e09e26a5e40e0c07d30d2","120ED0E03AAB955707610B90625DF19282DB1FE4DDF2922729BC1C45A1C9926E","04895AF9FF1FCF2492537A4ABD091088FC857CD496D30AAD6639D13CA9AB541D",,,"10","68,9671575","8,071958829809889","23601228","Native managed bytes allocated per benchmark operation; not peak/retained/unmanaged memory","238,8934","339,5473"
"historical-exploratory","36df-generated-real","stable36df-domain0-real","0","OfficeIMO.Excel.ReaderComparison.Benchmarks","RealDataReadBenchmarks","Sylvan","Format=Xlsm","OfficeIMO.Excel.ReaderComparison.Benchmarks.RealDataReadBenchmarks.Sylvan(Format: Xlsm)","36df28c4abc6a4c4371e09e26a5e40e0c07d30d2","3.4.4+36df28c4abc6a4c4371e09e26a5e40e0c07d30d2","A1F0BE7B8009B53FF2995867E0A98F58D093D6BE7734BB5D038A5CD67BBC9122","3.4.4+36df28c4abc6a4c4371e09e26a5e40e0c07d30d2","120ED0E03AAB955707610B90625DF19282DB1FE4DDF2922729BC1C45A1C9926E","04895AF9FF1FCF2492537A4ABD091088FC857CD496D30AAD6639D13CA9AB541D",,,"10","194,68121","38,94035247254447","663168","Native managed bytes allocated per benchmark operation; not peak/retained/unmanaged memory","617,1729","1034,7369"
"historical-exploratory","36df-generated-real","stable36df-domain0-real","0","OfficeIMO.Excel.ReaderComparison.Benchmarks","RealDataReadBenchmarks","ExcelReaderOriginal","Format=Xlsb","OfficeIMO.Excel.ReaderComparison.Benchmarks.RealDataReadBenchmarks.ExcelReaderOriginal(Format: Xlsb)","36df28c4abc6a4c4371e09e26a5e40e0c07d30d2","3.4.4+36df28c4abc6a4c4371e09e26a5e40e0c07d30d2","A1F0BE7B8009B53FF2995867E0A98F58D093D6BE7734BB5D038A5CD67BBC9122","3.4.4+36df28c4abc6a4c4371e09e26a5e40e0c07d30d2","120ED0E03AAB955707610B90625DF19282DB1FE4DDF2922729BC1C45A1C9926E","04895AF9FF1FCF2492537A4ABD091088FC857CD496D30AAD6639D13CA9AB541D",,,"10","26,577695","2,227845044226221","126734","Native managed bytes allocated per benchmark operation; not peak/retained/unmanaged memory","95,9899","120,8723"
"historical-exploratory","36df-generated-real","stable36df-domain0-real","0","OfficeIMO.Excel.ReaderComparison.Benchmarks","RealDataReadBenchmarks","ExcelReaderMemory","Format=Xlsb","OfficeIMO.Excel.ReaderComparison.Benchmarks.RealDataReadBenchmarks.ExcelReaderMemory(Format: Xlsb)","36df28c4abc6a4c4371e09e26a5e40e0c07d30d2","3.4.4+36df28c4abc6a4c4371e09e26a5e40e0c07d30d2","A1F0BE7B8009B53FF2995867E0A98F58D093D6BE7734BB5D038A5CD67BBC9122","3.4.4+36df28c4abc6a4c4371e09e26a5e40e0c07d30d2","120ED0E03AAB955707610B90625DF19282DB1FE4DDF2922729BC1C45A1C9926E","04895AF9FF1FCF2492537A4ABD091088FC857CD496D30AAD6639D13CA9AB541D",,,"10","26,489285","2,3939277597821444","78726","Native managed bytes allocated per benchmark operation; not peak/retained/unmanaged memory","92,922","121,6848"
"historical-exploratory","36df-generated-real","stable36df-domain0-real","0","OfficeIMO.Excel.ReaderComparison.Benchmarks","RealDataReadBenchmarks","OfficeIMOBytes","Format=Xlsb","OfficeIMO.Excel.ReaderComparison.Benchmarks.RealDataReadBenchmarks.OfficeIMOBytes(Format: Xlsb)","36df28c4abc6a4c4371e09e26a5e40e0c07d30d2","3.4.4+36df28c4abc6a4c4371e09e26a5e40e0c07d30d2","A1F0BE7B8009B53FF2995867E0A98F58D093D6BE7734BB5D038A5CD67BBC9122","3.4.4+36df28c4abc6a4c4371e09e26a5e40e0c07d30d2","120ED0E03AAB955707610B90625DF19282DB1FE4DDF2922729BC1C45A1C9926E","04895AF9FF1FCF2492537A4ABD091088FC857CD496D30AAD6639D13CA9AB541D",,,"10","34,4080525","4,774941070861649","18524446","Native managed bytes allocated per benchmark operation; not peak/retained/unmanaged memory","115,8745","175,6187"
"historical-exploratory","36df-generated-real","stable36df-domain0-real","0","OfficeIMO.Excel.ReaderComparison.Benchmarks","RealDataReadBenchmarks","OfficeIMOStream","Format=Xlsb","OfficeIMO.Excel.ReaderComparison.Benchmarks.RealDataReadBenchmarks.OfficeIMOStream(Format: Xlsb)","36df28c4abc6a4c4371e09e26a5e40e0c07d30d2","3.4.4+36df28c4abc6a4c4371e09e26a5e40e0c07d30d2","A1F0BE7B8009B53FF2995867E0A98F58D093D6BE7734BB5D038A5CD67BBC9122","3.4.4+36df28c4abc6a4c4371e09e26a5e40e0c07d30d2","120ED0E03AAB955707610B90625DF19282DB1FE4DDF2922729BC1C45A1C9926E","04895AF9FF1FCF2492537A4ABD091088FC857CD496D30AAD6639D13CA9AB541D",,,"10","35,372105","5,337687811004874","26594648","Native managed bytes allocated per benchmark operation; not peak/retained/unmanaged memory","112,181","172,1317"
"historical-exploratory","36df-generated-real","stable36df-domain0-real","0","OfficeIMO.Excel.ReaderComparison.Benchmarks","RealDataReadBenchmarks","Sylvan","Format=Xlsb","OfficeIMO.Excel.ReaderComparison.Benchmarks.RealDataReadBenchmarks.Sylvan(Format: Xlsb)","36df28c4abc6a4c4371e09e26a5e40e0c07d30d2","3.4.4+36df28c4abc6a4c4371e09e26a5e40e0c07d30d2","A1F0BE7B8009B53FF2995867E0A98F58D093D6BE7734BB5D038A5CD67BBC9122","3.4.4+36df28c4abc6a4c4371e09e26a5e40e0c07d30d2","120ED0E03AAB955707610B90625DF19282DB1FE4DDF2922729BC1C45A1C9926E","04895AF9FF1FCF2492537A4ABD091088FC857CD496D30AAD6639D13CA9AB541D",,,"10","30,6288025","4,745547976688841","350192","Native managed bytes allocated per benchmark operation; not peak/retained/unmanaged memory","103,2098","152,8418"
"historical-exploratory","36df-generated-real","stable36df-domain0-real","0","OfficeIMO.Excel.ReaderComparison.Benchmarks","RealDataReadBenchmarks","ExcelReaderOriginal","Format=Xls","OfficeIMO.Excel.ReaderComparison.Benchmarks.RealDataReadBenchmarks.ExcelReaderOriginal(Format: Xls)","36df28c4abc6a4c4371e09e26a5e40e0c07d30d2","3.4.4+36df28c4abc6a4c4371e09e26a5e40e0c07d30d2","A1F0BE7B8009B53FF2995867E0A98F58D093D6BE7734BB5D038A5CD67BBC9122","3.4.4+36df28c4abc6a4c4371e09e26a5e40e0c07d30d2","120ED0E03AAB955707610B90625DF19282DB1FE4DDF2922729BC1C45A1C9926E","04895AF9FF1FCF2492537A4ABD091088FC857CD496D30AAD6639D13CA9AB541D",,,"10","11,42898","1,723862472523145","75260","Native managed bytes allocated per benchmark operation; not peak/retained/unmanaged memory","37,3356","55,777"
"historical-exploratory","36df-generated-real","stable36df-domain0-real","0","OfficeIMO.Excel.ReaderComparison.Benchmarks","RealDataReadBenchmarks","ExcelReaderMemory","Format=Xls","OfficeIMO.Excel.ReaderComparison.Benchmarks.RealDataReadBenchmarks.ExcelReaderMemory(Format: Xls)","36df28c4abc6a4c4371e09e26a5e40e0c07d30d2","3.4.4+36df28c4abc6a4c4371e09e26a5e40e0c07d30d2","A1F0BE7B8009B53FF2995867E0A98F58D093D6BE7734BB5D038A5CD67BBC9122","3.4.4+36df28c4abc6a4c4371e09e26a5e40e0c07d30d2","120ED0E03AAB955707610B90625DF19282DB1FE4DDF2922729BC1C45A1C9926E","04895AF9FF1FCF2492537A4ABD091088FC857CD496D30AAD6639D13CA9AB541D",,,"10","11,2336225","1,789304922016197","58674","Native managed bytes allocated per benchmark operation; not peak/retained/unmanaged memory","36,3283","56,5439"
"historical-exploratory","36df-generated-real","stable36df-domain0-real","0","OfficeIMO.Excel.ReaderComparison.Benchmarks","RealDataReadBenchmarks","OfficeIMOBytes","Format=Xls","OfficeIMO.Excel.ReaderComparison.Benchmarks.RealDataReadBenchmarks.OfficeIMOBytes(Format: Xls)","36df28c4abc6a4c4371e09e26a5e40e0c07d30d2","3.4.4+36df28c4abc6a4c4371e09e26a5e40e0c07d30d2","A1F0BE7B8009B53FF2995867E0A98F58D093D6BE7734BB5D038A5CD67BBC9122","3.4.4+36df28c4abc6a4c4371e09e26a5e40e0c07d30d2","120ED0E03AAB955707610B90625DF19282DB1FE4DDF2922729BC1C45A1C9926E","04895AF9FF1FCF2492537A4ABD091088FC857CD496D30AAD6639D13CA9AB541D",,,"10","14,18231","2,256185808849873","18585840","Native managed bytes allocated per benchmark operation; not peak/retained/unmanaged memory","48,8119","81,3205"
"historical-exploratory","36df-generated-real","stable36df-domain0-real","0","OfficeIMO.Excel.ReaderComparison.Benchmarks","RealDataReadBenchmarks","OfficeIMOStream","Format=Xls","OfficeIMO.Excel.ReaderComparison.Benchmarks.RealDataReadBenchmarks.OfficeIMOStream(Format: Xls)","36df28c4abc6a4c4371e09e26a5e40e0c07d30d2","3.4.4+36df28c4abc6a4c4371e09e26a5e40e0c07d30d2","A1F0BE7B8009B53FF2995867E0A98F58D093D6BE7734BB5D038A5CD67BBC9122","3.4.4+36df28c4abc6a4c4371e09e26a5e40e0c07d30d2","120ED0E03AAB955707610B90625DF19282DB1FE4DDF2922729BC1C45A1C9926E","04895AF9FF1FCF2492537A4ABD091088FC857CD496D30AAD6639D13CA9AB541D",,,"10","14,958595","1,7457865452381978","26150070","Native managed bytes allocated per benchmark operation; not peak/retained/unmanaged memory","51,923","71,1462"
"historical-exploratory","36df-generated-real","stable36df-domain0-real","0","OfficeIMO.Excel.ReaderComparison.Benchmarks","RealDataReadBenchmarks","Sylvan","Format=Xls","OfficeIMO.Excel.ReaderComparison.Benchmarks.RealDataReadBenchmarks.Sylvan(Format: Xls)","36df28c4abc6a4c4371e09e26a5e40e0c07d30d2","3.4.4+36df28c4abc6a4c4371e09e26a5e40e0c07d30d2","A1F0BE7B8009B53FF2995867E0A98F58D093D6BE7734BB5D038A5CD67BBC9122","3.4.4+36df28c4abc6a4c4371e09e26a5e40e0c07d30d2","120ED0E03AAB955707610B90625DF19282DB1FE4DDF2922729BC1C45A1C9926E","04895AF9FF1FCF2492537A4ABD091088FC857CD496D30AAD6639D13CA9AB541D",,,"10","24,28109","4,0285244936921725","190812","Native managed bytes allocated per benchmark operation; not peak/retained/unmanaged memory","74,9532","116,7793"
"historical-exploratory","36df-generated-real","stable36df-domain0-real","0","OfficeIMO.Excel.ReaderComparison.Benchmarks","RealDataTypedReadBenchmarks","ExcelReaderAutomatic","Format=Xlsx","OfficeIMO.Excel.ReaderComparison.Benchmarks.RealDataTypedReadBenchmarks.ExcelReaderAutomatic(Format: Xlsx)","36df28c4abc6a4c4371e09e26a5e40e0c07d30d2","3.4.4+36df28c4abc6a4c4371e09e26a5e40e0c07d30d2","A1F0BE7B8009B53FF2995867E0A98F58D093D6BE7734BB5D038A5CD67BBC9122","3.4.4+36df28c4abc6a4c4371e09e26a5e40e0c07d30d2","120ED0E03AAB955707610B90625DF19282DB1FE4DDF2922729BC1C45A1C9926E","04895AF9FF1FCF2492537A4ABD091088FC857CD496D30AAD6639D13CA9AB541D",,,"10","53,5549575","10,518017869015226","8406944","Native managed bytes allocated per benchmark operation; not peak/retained/unmanaged memory","182,2912","290,8078"
"historical-exploratory","36df-generated-real","stable36df-domain0-real","0","OfficeIMO.Excel.ReaderComparison.Benchmarks","RealDataTypedReadBenchmarks","OfficeIMOAutomatic","Format=Xlsx","OfficeIMO.Excel.ReaderComparison.Benchmarks.RealDataTypedReadBenchmarks.OfficeIMOAutomatic(Format: Xlsx)","36df28c4abc6a4c4371e09e26a5e40e0c07d30d2","3.4.4+36df28c4abc6a4c4371e09e26a5e40e0c07d30d2","A1F0BE7B8009B53FF2995867E0A98F58D093D6BE7734BB5D038A5CD67BBC9122","3.4.4+36df28c4abc6a4c4371e09e26a5e40e0c07d30d2","120ED0E03AAB955707610B90625DF19282DB1FE4DDF2922729BC1C45A1C9926E","04895AF9FF1FCF2492537A4ABD091088FC857CD496D30AAD6639D13CA9AB541D",,,"10","73,121775","6,4802585882153565","25812456","Native managed bytes allocated per benchmark operation; not peak/retained/unmanaged memory","271,6088","349,5445"
"historical-exploratory","36df-generated-real","stable36df-domain0-real","0","OfficeIMO.Excel.ReaderComparison.Benchmarks","RealDataTypedReadBenchmarks","ExcelReaderAutomatic","Format=Xlsb","OfficeIMO.Excel.ReaderComparison.Benchmarks.RealDataTypedReadBenchmarks.ExcelReaderAutomatic(Format: Xlsb)","36df28c4abc6a4c4371e09e26a5e40e0c07d30d2","3.4.4+36df28c4abc6a4c4371e09e26a5e40e0c07d30d2","A1F0BE7B8009B53FF2995867E0A98F58D093D6BE7734BB5D038A5CD67BBC9122","3.4.4+36df28c4abc6a4c4371e09e26a5e40e0c07d30d2","120ED0E03AAB955707610B90625DF19282DB1FE4DDF2922729BC1C45A1C9926E","04895AF9FF1FCF2492537A4ABD091088FC857CD496D30AAD6639D13CA9AB541D",,,"10","34,3819825","3,7126670438859644","8406488","Native managed bytes allocated per benchmark operation; not peak/retained/unmanaged memory","118,3001","156,5528"
"historical-exploratory","36df-generated-real","stable36df-domain0-real","0","OfficeIMO.Excel.ReaderComparison.Benchmarks","RealDataTypedReadBenchmarks","OfficeIMOAutomatic","Format=Xlsb","OfficeIMO.Excel.ReaderComparison.Benchmarks.RealDataTypedReadBenchmarks.OfficeIMOAutomatic(Format: Xlsb)","36df28c4abc6a4c4371e09e26a5e40e0c07d30d2","3.4.4+36df28c4abc6a4c4371e09e26a5e40e0c07d30d2","A1F0BE7B8009B53FF2995867E0A98F58D093D6BE7734BB5D038A5CD67BBC9122","3.4.4+36df28c4abc6a4c4371e09e26a5e40e0c07d30d2","120ED0E03AAB955707610B90625DF19282DB1FE4DDF2922729BC1C45A1C9926E","04895AF9FF1FCF2492537A4ABD091088FC857CD496D30AAD6639D13CA9AB541D",,,"10","38,67739","5,369706342105166","25859028","Native managed bytes allocated per benchmark operation; not peak/retained/unmanaged memory","141,1453","214,3082"
